Vendor	SKU	Preferred_Name
Abcam	AB102672	Q9H244
Abcam	AB102672	Q9CPV9
Abcam	AB102672	Q9EPX4
Abcam	AB135356	Q96MY1
Abcam	AB135356	Q6DIB4
Abcam	AB94603	P11309
Abcam	AB94603	P06803
Abcam	AB94603	P26794
Abcam	AB200567	Q9H0G5
Abcam	AB116145	Q8NDT2
Abcam	AB116145	Q6PHZ5
Abcam	AB68554	Q9UBS5
Abcam	AB68554	Q9WV18
Abcam	AB68554	Q9Z0U4
Abcam	AB197986	Q92506
Abcam	AB197986	P50171
Abcam	AB197986	Q6MGB5
Abcam	AB108050	Q70CQ1
Abcam	AB108050	Q6P9L4
Abcam	AB6992	P29279
Abcam	AB6992	P29268
Abcam	AB6992	Q9R1E9
Abcam	AB135757	Q9HC62
Abcam	AB135757	Q91ZX6
Abgent	AP16760B	Q9UBN4-2
Abgent	AP16760B	Q9UBN4-4
Abgent	AP16760B	Q9UBN4
Abgent	AP6876A	B1AK53
Abgent	AP6876A	Q63618
Abgent	AP14658B	O14867
Abgent	AP11705C	P17275
Abgent	AP11705C	Q5U079
Abgent	AP11705C	P09450
Abgent	AP11705C	P24898
Abnova	H00007158-M01	Q12888
Abnova	H00007158-M01	H7C3N7
Abnova	H00007158-M01	A6NNK5
Abnova	H00007158-M01	H7C495
Abnova	H00007158-M01	M0R142
Abnova	H00007158-M01	H7BZY0
Abnova	H00007158-M01	H7C151
Abnova	H00007158-M01	C9JXV0
Abnova	H00007158-M01	Q3YL84
Abnova	H00007158-M01	P70399
Abnova	H00007158-M01	F1M842
Abnova	H00007158-M01	A0A1L1QZJ1
Abnova	H00007158-M01	E7F2M6
Abnova	H00007158-M01	F1RBE6
Abnova	H00007158-M01	A1L1W2
Abnova	H00007158-M01	Q12888-3
Abnova	H00007158-M01	Q12888-2
Abnova	H00007158-M01	Q12888-1
Abnova	H00007158-M01	P70399-1
Abnova	PAB23135	F1NT80
Abnova	PAB23135	Q8NBU5
Abnova	PAB23135	B4E2J1
Abnova	PAB23135	Q9D5T0
Abnova	PAB23135	Q9D9C1
Abnova	PAB23135	Q505J9
Abnova	PAB23135	Q7TP35
Abnova	PAB23135	A0A0H2UHI7
Abnova	PAB23135	Q8NBU5-1
Abnova	H00000637-M03	Q8JGM8
Abnova	H00000637-M03	A0A140T8G9
Abnova	H00000637-M03	A0A1D5P8E8
Abnova	H00000637-M03	P55957
Abnova	H00000637-M03	B2ZP79
Abnova	H00000637-M03	B2ZP78
Abnova	H00000637-M03	A8ASI8
Abnova	H00000637-M03	P70444
Abnova	H00000637-M03	D3Z463
Abnova	H00000637-M03	Q9JLT6
Abnova	H00000637-M03	A8ASI9
Abnova	H00000637-M03	P55957-1
Abnova	H00000637-M03	P55957-4
Abnova	H00000637-M03	P55957-2
Abnova	H00000637-M03	P55957-3
Abnova	H00008724-M10	Q5ZIA3
Abnova	H00008724-M10	A0A1D5PN53
Abnova	H00008724-M10	Q9VG51
Abnova	H00008724-M10	O94291
Abnova	H00008724-M10	O60493
Abnova	H00008724-M10	O70492
Abnova	H00008724-M10	Q78ZM0
Abnova	H00008724-M10	D3Z789
Abnova	H00008724-M10	D3Z6Z0
Abnova	H00008724-M10	Q9CSC2
Abnova	H00008724-M10	Q9CU14
Abnova	H00008724-M10	Q5U211
Abnova	H00008724-M10	Q08826
Abnova	H00008724-M10	Q3B7E7
Abnova	H00008724-M10	A0A0R4IDU3
Abnova	H00008724-M10	B0S7S4
Abnova	H00008724-M10	O60493-4
Abnova	H00008724-M10	O60493-1
Abnova	H00008724-M10	O60493-2
Abnova	H00008724-M10	O60493-3
Abnova	H00009136-M01A	O43818
Abnova	H00009136-M01A	Q91WM3
Abnova	H00009136-M01A	A0A087WS95
Abnova	H00009136-M01A	B0BND5
Abnova	H00009136-M01A	Q06506
Abnova	H00009136-M01A	Q803S2
Abnova	H00009136-M01A	F1R3Q7
Abnova	H00085397-B01	R4GJB7
Abnova	H00085397-B01	P57771
Abnova	H00085397-B01	D6RD36
Abnova	H00085397-B01	Q8BXT1
Abnova	H00085397-B01	D3Z289
Abnova	H00085397-B01	D3Z1V2
Abnova	H00085397-B01	D3YYE5
Abnova	H00085397-B01	D3YX00
Abnova	H00085397-B01	Q9D389
Abnova	H00085397-B01	D3Z5I4
Abnova	H00085397-B01	P49804
Abnova	H00085397-B01	A0A0G2K6Y1
Abnova	H00085397-B01	Q6DGI0
Abnova	H00085397-B01	B2GTH3
Abnova	H00085397-B01	F1R249
Abnova	H00085397-B01	P57771-1
Abnova	H00085397-B01	P57771-2
Abnova	H00146225-B01P	Q8TAZ6
Abnova	H00146225-B01P	H3BMC0
Abnova	H00146225-B01P	Q8TAZ6-2
Abnova	H00146225-B01P	Q8TAZ6-1
Abnova	H00169841-A01	Q14929
Abnova	H00169841-A01	Q7Z761
Abnova	H00169841-A01	Q6PJ92
Abnova	H00169841-A01	Q5SR55
Abnova	H00169841-A01	S4R440
Abnova	H00169841-A01	Q14928
Abnova	H00169841-A01	Q6PIG1
Abnova	H00009463-A01	A0A1D5P5B8
Abnova	H00009463-A01	Q86PF5
Abnova	H00009463-A01	Q8SY07
Abnova	H00009463-A01	X2JDZ1
Abnova	H00009463-A01	Q9NRD5
Abnova	H00009463-A01	A0A024R1J5
Abnova	H00009463-A01	E7EX80
Abnova	H00009463-A01	F6V3V1
Abnova	H00009463-A01	F6TII1
Abnova	H00009463-A01	F6VY12
Abnova	H00009463-A01	A0A024R1R7
Abnova	H00009463-A01	F6V107
Abnova	H00009463-A01	Q62083
Abnova	H00009463-A01	E9PUZ5
Abnova	H00009463-A01	Q80VC8
Abnova	H00009463-A01	E9QAC6
Abnova	H00009463-A01	Q8C1W2
Abnova	H00009463-A01	Q9EP80
Abnova	H00009463-A01	Q6GQQ2
Abnova	H00009463-A01	Q08BM4
Abnova	H00009463-A01	F1Q8Q4
Abnova	H00009463-A01	Q9NRD5-1
Abnova	MAB1549	P21611
Abnova	MAB1549	P61769
Abnova	MAB1549	F5H6I0
Abnova	MAB1549	J3KNU0
Abnova	MAB1549	Q16446
Abnova	MAB1549	H0YLF3
Abnova	MAB1549	K7N5M3
Abnova	MAB1549	K7N5M4
Abnova	MAB1549	P01887
Abnova	MAB1549	Q9D239
Abnova	MAB1549	Q3U679
Abnova	MAB1549	P07151
Abnova	MAB1549	Q04475
Abnova	MAB1549	B0UYS1
Abnova	MAB1549	H0WF44
Abnova	MAB1549	C5IG52
Abnova	H00008602-B01P	E1C936
Abnova	H00008602-B01P	O43051
Abnova	H00008602-B01P	P78316
Abnova	H00008602-B01P	E9PFK5
Abnova	H00008602-B01P	Q96GC8
Abnova	H00008602-B01P	Q8R3N1
Abnova	H00008602-B01P	A0A0J9YU38
Abnova	H00008602-B01P	Q8C539
Abnova	H00008602-B01P	Q9CSY8
Abnova	H00008602-B01P	Q3TSX5
Abnova	H00008602-B01P	A0A0G2K0Z9
Abnova	H00008602-B01P	D4A5G2
Abnova	H00008602-B01P	Q99207
Abnova	H00008602-B01P	Q6DRP8
Abnova	H00008602-B01P	Q5U3A0
Abnova	H00008602-B01P	P78316-1
Abnova	H00008602-B01P	P78316-2
Abnova	H00083890-B01P	Q9BWV2
Abnova	H00083890-B01P	A0A140VJV2
Abnova	H00083890-B01P	Q9D9R3
Abnova	H00083890-B01P	D3ZFQ7
Abnova	H00083890-B01P	Q9BWV2-1
Abnova	H00083890-B01P	Q9BWV2-2
Abnova	H00083890-B01P	Q9BWV2-3
Abnova	H00083890-B01P	Q9D9R3-1
Abnova	H00083890-B01P	Q9D9R3-2
Abnova	H00006850-B01P	F1N9Y5
Abnova	H00006850-B01P	A0A0A0MQ53
Abnova	H00006850-B01P	P43405
Abnova	H00006850-B01P	C3W980
Abnova	H00006850-B01P	A0A024R244
Abnova	H00006850-B01P	A0A024R273
Abnova	H00006850-B01P	C3W981
Abnova	H00006850-B01P	P48025
Abnova	H00006850-B01P	Q3UPF7
Abnova	H00006850-B01P	E9PWE9
Abnova	H00006850-B01P	Q3V3Q2
Abnova	H00006850-B01P	Q6P1E0
Abnova	H00006850-B01P	Q6LEP4
Abnova	H00006850-B01P	Q64725
Abnova	H00006850-B01P	G3V7N4
Abnova	H00006850-B01P	D3ZH44
Abnova	H00006850-B01P	Q63614
Abnova	H00006850-B01P	A0A0R4IUU0
Abnova	H00006850-B01P	F1QFN4
Abnova	H00006850-B01P	A0A0R4IBB3
Abnova	H00006850-B01P	Q910A2
Abnova	H00006850-B01P	E9QFU7
Abnova	H00006850-B01P	P43405-2
Abnova	H00006850-B01P	P43405-1
Abnova	H00006850-B01P	Q64725-1
Abnova	H00000740-B01P	Q9VYI3
Abnova	H00000740-B01P	F3YDM8
Abnova	H00000740-B01P	Q8SXZ9
Abnova	H00000740-B01P	Q13405
Abnova	H00000740-B01P	E9PI78
Abnova	H00000740-B01P	H0YDP7
Abnova	H00000740-B01P	E9PRD2
Abnova	H00000740-B01P	A0A024R578
Abnova	H00000740-B01P	E9PNF1
Abnova	H00000740-B01P	Q9CQ40
Abnova	H00000740-B01P	Q8BTB8
Abnova	H00000740-B01P	Q7TP77
Abnova	H00000740-B01P	P40858
Abnova	H00000740-B01P	E7F2U2
Abnova	H00001163-B01P	R4GMI4
Abnova	H00001163-B01P	A0A1L1S0Y9
Abnova	H00001163-B01P	P61024
Abnova	H00001163-B01P	Q5T178
Abnova	H00001163-B01P	Q9BZU3
Abnova	H00001163-B01P	D3DV79
Abnova	H00001163-B01P	Q5T179
Abnova	H00001163-B01P	P61025
Abnova	H00001163-B01P	D3YXP1
Abnova	H00001163-B01P	V9GWZ0
Abnova	H00001163-B01P	Q9D0L3
Abnova	H00001163-B01P	Q9D108
Abnova	H00001163-B01P	B2RZ99
Abnova	H00001163-B01P	Q6DEL8
Abnova	PAB6876	A0A1D5PPX2
Abnova	PAB6876	P21554
Abnova	PAB6876	F8W908
Abnova	PAB6876	F8W187
Abnova	PAB6876	S5TLS4
Abnova	PAB6876	V5KA96
Abnova	PAB6876	Q9BYY6
Abnova	PAB6876	P47746
Abnova	PAB6876	Q99NU3
Abnova	PAB6876	P20272
Abnova	PAB6876	Q99NU2
Abnova	PAB6876	Q924V0
Abnova	PAB6876	Q7T3Q3
Abnova	PAB6876	P21554-1
Abnova	PAB6876	P21554-3
Abnova	H00001386-M15	O93602
Abnova	H00001386-M15	A0A1D5P5L3
Abnova	H00001386-M15	G1K360
Abnova	H00001386-M15	P15336
Abnova	H00001386-M15	F2Z2K2
Abnova	H00001386-M15	E9PBF9
Abnova	H00001386-M15	A4D7U3
Abnova	H00001386-M15	A4D7U7
Abnova	H00001386-M15	A4D7U9
Abnova	H00001386-M15	A4D7V5
Abnova	H00001386-M15	E9PEK8
Abnova	H00001386-M15	H7C2N6
Abnova	H00001386-M15	C9JCI8
Abnova	H00001386-M15	F5H629
Abnova	H00001386-M15	B8ZZU6
Abnova	H00001386-M15	P16951
Abnova	H00001386-M15	Q543G2
Abnova	H00001386-M15	Q68FE3
Abnova	H00001386-M15	G3UXC3
Abnova	H00001386-M15	Q8CGB4
Abnova	H00001386-M15	P70299
Abnova	H00001386-M15	Q8CBR9
Abnova	H00001386-M15	Q640L6
Abnova	H00001386-M15	Q3UKS5
Abnova	H00001386-M15	F6Z2B2
Abnova	H00001386-M15	Q8BQY2
Abnova	H00001386-M15	A2AQE9
Abnova	H00001386-M15	Q3US39
Abnova	H00001386-M15	Q3UT24
Abnova	H00001386-M15	A2AQF0
Abnova	H00001386-M15	A2AQF1
Abnova	H00001386-M15	Q00969
Abnova	H00001386-M15	P53296
Abnova	H00001386-M15	F1QIZ9
Abnova	H00001386-M15	E9QBP5
Abnova	H00001386-M15	P15336-1
Abnova	H00001386-M15	P15336-5
Abnova	H00001386-M15	P15336-4
Abnova	H00001386-M15	P15336-3
Abnova	H00001386-M15	P15336-8
Abnova	H00001386-M15	P16951-1
Abnova	H00001386-M15	P16951-3
Abnova	H00001386-M15	P16951-2
Abnova	H00001386-M15	Q00969-1
Abnova	H00001386-M15	Q00969-2
Creative Diagnostics	DPABH-28907	D3ZXF9
Creative Diagnostics	DPABH-20157	A7E2C5
Creative Diagnostics	DPABH-04597	A0A024R9E0
Creative Diagnostics	DPABH-20877	Q8TF30
Creative Diagnostics	DPABH-17168	P05198
Creative Diagnostics	DPABH-21858	Q8N8Z8
Creative Diagnostics	DPABH-10874	Q8WXD5
Creative Diagnostics	DPABH-09634	Q6H8Q1
Creative Diagnostics	DPABH-20295	B4DFE5
Creative Diagnostics	DPABH-17228	Q6ZP82
Creative Diagnostics	DPABH-23074	Q96FE5
Creative Diagnostics	DPABH-18755	Q7Z6D5
Novus Biologicals	NBP1-49429IR	K4HVD3
Novus Biologicals	NBP1-49429IR	A0A1D5PZC8
Novus Biologicals	NBP1-49429IR	E1BVH8
Novus Biologicals	NBP1-49429IR	A0A1D5PB58
Novus Biologicals	NBP1-49429IR	Q96SI1
Novus Biologicals	NBP1-49429IR	K7EPF0
Novus Biologicals	NBP1-49429IR	K7EIF1
Novus Biologicals	NBP1-49429IR	V9GYY8
Novus Biologicals	NBP1-49429IR	K7EM48
Novus Biologicals	NBP1-49429IR	K7EN63
Novus Biologicals	NBP1-49429IR	K7EQS3
Novus Biologicals	NBP1-49429IR	Q8K0E1
Novus Biologicals	NBP1-49429IR	A0A0U1RP38
Novus Biologicals	NBP1-49429IR	B5DF44
Novus Biologicals	NBP1-49429IR	Q6DC02
Novus Biologicals	NBP1-49429IR	Q96SI1-1
Novus Biologicals	NBP1-49429IR	Q96SI1-2
Novus Biologicals	NBP1-82414	A0A1D5PPY1
Novus Biologicals	NBP1-82414	Q9UBL0
Novus Biologicals	NBP1-82414	A8K1F3
Novus Biologicals	NBP1-82414	C9J091
Novus Biologicals	NBP1-82414	C9JQQ6
Novus Biologicals	NBP1-82414	C9J5R1
Novus Biologicals	NBP1-82414	C9J2U3
Novus Biologicals	NBP1-82414	H7C1B6
Novus Biologicals	NBP1-82414	H7C2X8
Novus Biologicals	NBP1-82414	C9JI74
Novus Biologicals	NBP1-82414	C9JTX6
Novus Biologicals	NBP1-82414	C9JD93
Novus Biologicals	NBP1-82414	F8WDL2
Novus Biologicals	NBP1-82414	H7C3J7
Novus Biologicals	NBP1-82414	C9JTF2
Novus Biologicals	NBP1-82414	H7C0P9
Novus Biologicals	NBP1-82414	Q9DCB4
Novus Biologicals	NBP1-82414	Q8BY43
Novus Biologicals	NBP1-82414	E9Q4A0
Novus Biologicals	NBP1-82414	E0CXW0
Novus Biologicals	NBP1-82414	E0CYS3
Novus Biologicals	NBP1-82414	E0CY19
Novus Biologicals	NBP1-82414	E0CZ08
Novus Biologicals	NBP1-82414	E0CYU3
Novus Biologicals	NBP1-82414	Q5FVI0
Novus Biologicals	NBP1-82414	D3ZQR3
Novus Biologicals	NBP1-82414	Q7M049
Novus Biologicals	NBP1-82414	A0A0G2JVX9
Novus Biologicals	NBP1-82414	I3IT34
Novus Biologicals	NBP1-82414	Q9UBL0-2
Novus Biologicals	NBP1-82414	Q9UBL0-4
Novus Biologicals	NBP1-82414	Q9UBL0-3
Novus Biologicals	NBP1-82414	Q9UBL0-1
Novus Biologicals	NBP1-82414	Q9DCB4-2
Novus Biologicals	NBP1-82414	Q9DCB4-4
Novus Biologicals	NBP1-82414	Q9DCB4-3
Novus Biologicals	NBP1-82414	Q9DCB4-8
Novus Biologicals	NBP1-82414	Q9DCB4-1
Novus Biologicals	NBP1-82414	Q9DCB4-5
Novus Biologicals	NBP1-91271AF700	A0A1D5PWT9
Novus Biologicals	NBP1-91271AF700	F1NK32
Novus Biologicals	NBP1-91271AF700	A0A1D5PG78
Novus Biologicals	NBP1-91271AF700	A0A1D5P7S4
Novus Biologicals	NBP1-91271AF700	Q96K83
Novus Biologicals	NBP1-91271AF700	J3KTI4
Novus Biologicals	NBP1-91271AF700	J3QQI2
Novus Biologicals	NBP1-91271AF700	J3KT07
Novus Biologicals	NBP1-91271AF700	H7BYU6
Novus Biologicals	NBP1-91271AF700	J3KSZ4
Novus Biologicals	NBP1-91271AF700	J3QRW6
Novus Biologicals	NBP1-91271AF700	Q8IYZ2
Novus Biologicals	NBP1-91271AF700	Q6KAS7
Novus Biologicals	NBP1-91271AF700	E7F2P4
Novus Biologicals	NBP1-91271AF700	Q6KAS7-1
Novus Biologicals	NBP1-56342	P57727
Novus Biologicals	NBP1-56342	B7WPR2
Novus Biologicals	NBP1-56342	A0A140C6K5
Novus Biologicals	NBP1-56342	A0A140C6K1
Novus Biologicals	NBP1-56342	A0A140C6K6
Novus Biologicals	NBP1-56342	A0A140C6K4
Novus Biologicals	NBP1-56342	A0A140C6K3
Novus Biologicals	NBP1-56342	A0A140C6K7
Novus Biologicals	NBP1-56342	A0A140C6K2
Novus Biologicals	NBP1-56342	A0A140C6K0
Novus Biologicals	NBP1-56342	A0A140C6K8
Novus Biologicals	NBP1-56342	Q8K1T0
Novus Biologicals	NBP1-56342	Q2M1G4
Novus Biologicals	NBP1-56342	Q3TZ06
Novus Biologicals	NBP1-56342	D3ZY65
Novus Biologicals	NBP1-56342	P57727-5
Novus Biologicals	NBP1-56342	P57727-1
Novus Biologicals	NBP1-56342	P57727-2
Novus Biologicals	NBP1-56342	P57727-3
Novus Biologicals	NBP1-56342	Q8K1T0-1
Novus Biologicals	NBP1-56342	Q8K1T0-2
Novus Biologicals	H00001386-M15	O93602
Novus Biologicals	H00001386-M15	A0A1D5P5L3
Novus Biologicals	H00001386-M15	G1K360
Novus Biologicals	H00001386-M15	P15336
Novus Biologicals	H00001386-M15	F2Z2K2
Novus Biologicals	H00001386-M15	E9PBF9
Novus Biologicals	H00001386-M15	A4D7U3
Novus Biologicals	H00001386-M15	A4D7U7
Novus Biologicals	H00001386-M15	A4D7U9
Novus Biologicals	H00001386-M15	A4D7V5
Novus Biologicals	H00001386-M15	E9PEK8
Novus Biologicals	H00001386-M15	H7C2N6
Novus Biologicals	H00001386-M15	C9JCI8
Novus Biologicals	H00001386-M15	F5H629
Novus Biologicals	H00001386-M15	B8ZZU6
Novus Biologicals	H00001386-M15	P16951
Novus Biologicals	H00001386-M15	Q543G2
Novus Biologicals	H00001386-M15	Q68FE3
Novus Biologicals	H00001386-M15	G3UXC3
Novus Biologicals	H00001386-M15	Q8CGB4
Novus Biologicals	H00001386-M15	P70299
Novus Biologicals	H00001386-M15	Q8CBR9
Novus Biologicals	H00001386-M15	Q640L6
Novus Biologicals	H00001386-M15	Q3UKS5
Novus Biologicals	H00001386-M15	F6Z2B2
Novus Biologicals	H00001386-M15	Q8BQY2
Novus Biologicals	H00001386-M15	A2AQE9
Novus Biologicals	H00001386-M15	Q3US39
Novus Biologicals	H00001386-M15	Q3UT24
Novus Biologicals	H00001386-M15	A2AQF0
Novus Biologicals	H00001386-M15	A2AQF1
Novus Biologicals	H00001386-M15	Q00969
Novus Biologicals	H00001386-M15	P53296
Novus Biologicals	H00001386-M15	F1QIZ9
Novus Biologicals	H00001386-M15	E9QBP5
Novus Biologicals	H00001386-M15	P15336-1
Novus Biologicals	H00001386-M15	P15336-5
Novus Biologicals	H00001386-M15	P15336-4
Novus Biologicals	H00001386-M15	P15336-3
Novus Biologicals	H00001386-M15	P15336-8
Novus Biologicals	H00001386-M15	P16951-1
Novus Biologicals	H00001386-M15	P16951-3
Novus Biologicals	H00001386-M15	P16951-2
Novus Biologicals	H00001386-M15	Q00969-1
Novus Biologicals	H00001386-M15	Q00969-2
Novus Biologicals	BAF2364	P98160
Novus Biologicals	BAF2364	A0A024RAB6
Novus Biologicals	BAF2364	H0Y5A9
Novus Biologicals	BAF2364	H7BYA5
Novus Biologicals	BAF2364	A0A0U1RQT3
Novus Biologicals	BAF2364	B6EU51
Novus Biologicals	BAF2364	Q2VPA1
Novus Biologicals	BAF2364	O43834
Novus Biologicals	BAF2364	Q05793
Novus Biologicals	BAF2364	Q3UHH3
Novus Biologicals	BAF2364	Q2XQV0
Novus Biologicals	BAF2364	B1B0C7
Novus Biologicals	BAF2364	Q5RKM8
Novus Biologicals	BAF2364	Q52KG8
Novus Biologicals	BAF2364	E9PZ16
Novus Biologicals	BAF2364	O08591
Novus Biologicals	BAF2364	Q62980
Novus Biologicals	BAF2364	Q552K9
Novus Biologicals	BAF2364	F1R5K7
Novus Biologicals	BAF2364	A0A0R4IVZ2
Novus Biologicals	BAF2364	F1RCP6
Novus Biologicals	BAF2364	A0A0R4IZA6
Novus Biologicals	BAF2364	B2RZI0
Novus Biologicals	BAF2364	A0A0R4IMY4
Novus Biologicals	BAF2364	B0LVF1
Novus Biologicals	MAB1549	Q9UK85
Novus Biologicals	MAB1549	M0R1E5
Novus Biologicals	MAB1549	M0QYJ2
Novus Biologicals	MAB1549	M0R2X7
Novus Biologicals	MAB1549	M0R1Q7
Novus Biologicals	MAB1549	M0QZP1
Novus Biologicals	MAB1549	Q9QZL9
Novus Biologicals	MAB1549	Q3V2N2
Novus Biologicals	MAB1549	A0A1B0GRV4
Novus Biologicals	MAB1549	A0A1B0GRE6
Novus Biologicals	MAB1549	D4A444
Novus Biologicals	H00085397-B01	R4GJB7
Novus Biologicals	H00085397-B01	P57771
Novus Biologicals	H00085397-B01	D6RD36
Novus Biologicals	H00085397-B01	Q8BXT1
Novus Biologicals	H00085397-B01	D3Z289
Novus Biologicals	H00085397-B01	D3Z1V2
Novus Biologicals	H00085397-B01	D3YYE5
Novus Biologicals	H00085397-B01	D3YX00
Novus Biologicals	H00085397-B01	Q9D389
Novus Biologicals	H00085397-B01	D3Z5I4
Novus Biologicals	H00085397-B01	P49804
Novus Biologicals	H00085397-B01	A0A0G2K6Y1
Novus Biologicals	H00085397-B01	Q6DGI0
Novus Biologicals	H00085397-B01	B2GTH3
Novus Biologicals	H00085397-B01	F1R249
Novus Biologicals	H00085397-B01	P57771-1
Novus Biologicals	H00085397-B01	P57771-2
Novus Biologicals	H00001163-B01P	R4GMI4
Novus Biologicals	H00001163-B01P	A0A1L1S0Y9
Novus Biologicals	H00001163-B01P	P61024
Novus Biologicals	H00001163-B01P	Q5T178
Novus Biologicals	H00001163-B01P	Q9BZU3
Novus Biologicals	H00001163-B01P	D3DV79
Novus Biologicals	H00001163-B01P	Q5T179
Novus Biologicals	H00001163-B01P	P61025
Novus Biologicals	H00001163-B01P	D3YXP1
Novus Biologicals	H00001163-B01P	V9GWZ0
Novus Biologicals	H00001163-B01P	Q9D0L3
Novus Biologicals	H00001163-B01P	Q9D108
Novus Biologicals	H00001163-B01P	B2RZ99
Novus Biologicals	H00001163-B01P	Q6DEL8
Novus Biologicals	AF6968	P11912
Novus Biologicals	AF6968	M0QX61
Novus Biologicals	AF6968	P11911
Novus Biologicals	AF6968	F1MAC3
Novus Biologicals	AF6968	F8W525
Novus Biologicals	AF6968	P11912-1
Novus Biologicals	AF6968	P11912-2
Novus Biologicals	NB110-55376H	Q5ZLN5
Novus Biologicals	NB110-55376H	F1NBY1
Novus Biologicals	NB110-55376H	Q13148
Novus Biologicals	NB110-55376H	B1AKP7
Novus Biologicals	NB110-55376H	G3V162
Novus Biologicals	NB110-55376H	A0A0A0MSV7
Novus Biologicals	NB110-55376H	K7ENM9
Novus Biologicals	NB110-55376H	Q9H256
Novus Biologicals	NB110-55376H	A0A024R4E2
Novus Biologicals	NB110-55376H	A0A087WX29
Novus Biologicals	NB110-55376H	A0A087WZM1
Novus Biologicals	NB110-55376H	A0A087X260
Novus Biologicals	NB110-55376H	A0A087WYY0
Novus Biologicals	NB110-55376H	A0A087WXQ5
Novus Biologicals	NB110-55376H	K7EL26
Novus Biologicals	NB110-55376H	A0A087WZC9
Novus Biologicals	NB110-55376H	A0A087WXV3
Novus Biologicals	NB110-55376H	K7EJ99
Novus Biologicals	NB110-55376H	A0A087WV68
Novus Biologicals	NB110-55376H	A0A087WTG4
Novus Biologicals	NB110-55376H	K7EN94
Novus Biologicals	NB110-55376H	K7EJM5
Novus Biologicals	NB110-55376H	A0A1W2PNU8
Novus Biologicals	NB110-55376H	A0A087WVX6
Novus Biologicals	NB110-55376H	A0A087WX67
Novus Biologicals	NB110-55376H	A0A087WW61
Novus Biologicals	NB110-55376H	Q921F2
Novus Biologicals	NB110-55376H	Q6VYI4
Novus Biologicals	NB110-55376H	Q8BLD4
Novus Biologicals	NB110-55376H	Q544R5
Novus Biologicals	NB110-55376H	Q6VYI5
Novus Biologicals	NB110-55376H	Q8R0B4
Novus Biologicals	NB110-55376H	A0A087WS74
Novus Biologicals	NB110-55376H	A0A087WRP4
Novus Biologicals	NB110-55376H	A0A087WR97
Novus Biologicals	NB110-55376H	A0A087WNY6
Novus Biologicals	NB110-55376H	A0A087WQX8
Novus Biologicals	NB110-55376H	Q8BUM1
Novus Biologicals	NB110-55376H	D2KPZ5
Novus Biologicals	NB110-55376H	A0A087WSE4
Novus Biologicals	NB110-55376H	A0A087WRZ5
Novus Biologicals	NB110-55376H	C9DT14
Novus Biologicals	NB110-55376H	A0A087WQA5
Novus Biologicals	NB110-55376H	A0A087WSH7
Novus Biologicals	NB110-55376H	H3BJV1
Novus Biologicals	NB110-55376H	Q05C33
Novus Biologicals	NB110-55376H	A0A087WS17
Novus Biologicals	NB110-55376H	A0A087WQ63
Novus Biologicals	NB110-55376H	A0A087WP57
Novus Biologicals	NB110-55376H	A0A087WSC6
Novus Biologicals	NB110-55376H	A0A087WQT4
Novus Biologicals	NB110-55376H	I6L9G6
Novus Biologicals	NB110-55376H	Q802C7
Novus Biologicals	NB110-55376H	A0A0R4IS33
Novus Biologicals	NB110-55376H	Q13148-1
Novus Biologicals	AF2537	Q99972
Novus Biologicals	AF2537	B6V6K7
Novus Biologicals	AF2537	A0A140CTX3
Novus Biologicals	AF2537	A0A140CTX2
Novus Biologicals	AF2537	A0A140CTX4
Novus Biologicals	AF2537	A0A140CTX0
Novus Biologicals	AF2537	A0A140CTX1
Novus Biologicals	AF2537	B6ECI7
Novus Biologicals	AF2537	A0A140CTW9
Novus Biologicals	AF2537	A0A0S2Z416
Novus Biologicals	AF2537	Q6PKX1
Novus Biologicals	AF2537	A0A1W2PP09
Novus Biologicals	AF2537	B6V6K6
Novus Biologicals	AF2537	A0A0S2Z421
Novus Biologicals	AF2537	A0A0S2Z412
Novus Biologicals	AF2537	A0A0S2Z481
Novus Biologicals	AF2537	A0A0H3W5P3
Novus Biologicals	AF2537	O70624
Novus Biologicals	AF2537	Q05AC1
Novus Biologicals	AF2537	Q3UN79
Novus Biologicals	AF2537	Q9R1J4
Novus Biologicals	AF2537	G3V6E8
Novus Biologicals	AF2537	Q924K5
Novus Biologicals	AF2537	P42522
Novus Biologicals	AF2537	Q5F0G5
Novus Biologicals	H00169841-A01	Q14929
Novus Biologicals	H00169841-A01	Q7Z761
Novus Biologicals	H00169841-A01	Q6PJ92
Novus Biologicals	H00169841-A01	Q5SR55
Novus Biologicals	H00169841-A01	S4R440
Novus Biologicals	H00169841-A01	Q14928
Novus Biologicals	H00169841-A01	Q6PIG1
Novus Biologicals	NBP1-51961	Q3L250
Novus Biologicals	NBP1-51961	O14905
Novus Biologicals	NBP1-51961	I3L0L8
Novus Biologicals	NBP1-51961	E7EPC3
Novus Biologicals	NBP1-51961	Q6ZS96
Novus Biologicals	NBP1-51961	O35468
Novus Biologicals	NBP1-51961	Q2TBA6
Novus Biologicals	NBP1-51961	Q8C718
Novus Biologicals	NBP1-51961	D3ZFS0
Novus Biologicals	NBP1-51961	A0A0G2K1R7
Novus Biologicals	NBP1-51961	B6V3E2
Novus Biologicals	NBP1-58296	A0A1D5PVD6
Novus Biologicals	NBP1-58296	A0A1D5P5I5
Novus Biologicals	NBP1-58296	A0A1D5PXZ0
Novus Biologicals	NBP1-58296	P0A6A8
Novus Biologicals	NBP1-58296	P15309
Novus Biologicals	NBP1-58296	Q6LBH1
Novus Biologicals	NBP1-58296	E9PFE6
Novus Biologicals	NBP1-58296	H0Y8T3
Novus Biologicals	NBP1-58296	A0PJ86
Novus Biologicals	NBP1-58296	Q8CE08
Novus Biologicals	NBP1-58296	Q3TQS8
Novus Biologicals	NBP1-58296	A0A1L1SUT0
Novus Biologicals	NBP1-58296	P20646
Novus Biologicals	NBP1-58296	A0A0G2K4B4
Novus Biologicals	NBP1-58296	A0A0G2JSL5
Novus Biologicals	NBP1-58296	Q6LBH0
Novus Biologicals	NBP1-58296	P15309-1
Novus Biologicals	NBP1-58296	P15309-2
Novus Biologicals	NBP1-58296	P15309-3
Novus Biologicals	NBP1-58296	Q8CE08-1
Novus Biologicals	NBP1-58296	Q8CE08-2
Novus Biologicals	NBP1-58296	P20646-1
Novus Biologicals	H00005716-M01V2	F1P1R3
Novus Biologicals	H00005716-M01V2	A0A1D5NUF7
Novus Biologicals	H00005716-M01V2	O75832
Novus Biologicals	H00005716-M01V2	B1AJY6
Novus Biologicals	H00005716-M01V2	B1AJY5
Novus Biologicals	H00005716-M01V2	B1AJY7
Novus Biologicals	H00005716-M01V2	Q9Z2X2
Novus Biologicals	H00005716-M01V2	A2AG83
Novus Biologicals	H00005716-M01V2	Q9Z2X3
Novus Biologicals	H00005716-M01V2	B0BMV9
Novus Biologicals	H00005716-M01V2	A0A0G2JZI5
Novus Biologicals	H00005716-M01V2	Q54HW1
Novus Biologicals	H00005716-M01V2	Q6TGV5
Novus Biologicals	H00005716-M01V2	Q4VBW1
Novus Biologicals	H00005716-M01V2	O75832-1
Novus Biologicals	H00005716-M01V2	O75832-2
Novus Biologicals	H00009463-A01	A0A1D5P5B8
Novus Biologicals	H00009463-A01	Q86PF5
Novus Biologicals	H00009463-A01	Q8SY07
Novus Biologicals	H00009463-A01	X2JDZ1
Novus Biologicals	H00009463-A01	Q9NRD5
Novus Biologicals	H00009463-A01	A0A024R1J5
Novus Biologicals	H00009463-A01	E7EX80
Novus Biologicals	H00009463-A01	F6V3V1
Novus Biologicals	H00009463-A01	F6TII1
Novus Biologicals	H00009463-A01	F6VY12
Novus Biologicals	H00009463-A01	A0A024R1R7
Novus Biologicals	H00009463-A01	F6V107
Novus Biologicals	H00009463-A01	Q62083
Novus Biologicals	H00009463-A01	E9PUZ5
Novus Biologicals	H00009463-A01	Q80VC8
Novus Biologicals	H00009463-A01	E9QAC6
Novus Biologicals	H00009463-A01	Q8C1W2
Novus Biologicals	H00009463-A01	Q9EP80
Novus Biologicals	H00009463-A01	Q6GQQ2
Novus Biologicals	H00009463-A01	Q08BM4
Novus Biologicals	H00009463-A01	F1Q8Q4
Novus Biologicals	H00009463-A01	Q9NRD5-1
Novus Biologicals	MAB7940	F1NSV1
Novus Biologicals	MAB7940	A0A1L1RPB1
Novus Biologicals	MAB7940	P55789
Novus Biologicals	MAB7940	H3BQQ4
Novus Biologicals	MAB7940	H3BRW3
Novus Biologicals	MAB7940	H3BRD2
Novus Biologicals	MAB7940	P56213
Novus Biologicals	MAB7940	Q63042
Novus Biologicals	MAB7940	A4QNU9
Novus Biologicals	MAB7940	P55789-1
Novus Biologicals	H00000740-B01P	Q9VYI3
Novus Biologicals	H00000740-B01P	F3YDM8
Novus Biologicals	H00000740-B01P	Q8SXZ9
Novus Biologicals	H00000740-B01P	Q13405
Novus Biologicals	H00000740-B01P	E9PI78
Novus Biologicals	H00000740-B01P	H0YDP7
Novus Biologicals	H00000740-B01P	E9PRD2
Novus Biologicals	H00000740-B01P	A0A024R578
Novus Biologicals	H00000740-B01P	E9PNF1
Novus Biologicals	H00000740-B01P	Q9CQ40
Novus Biologicals	H00000740-B01P	Q8BTB8
Novus Biologicals	H00000740-B01P	Q7TP77
Novus Biologicals	H00000740-B01P	P40858
Novus Biologicals	H00000740-B01P	E7F2U2
Novus Biologicals	MAB81751	P08582
Novus Biologicals	MAB81751	Q53XS6
Novus Biologicals	MAB81751	C9JVN1
Novus Biologicals	MAB81751	A0A0R4IC71
Novus Biologicals	MAB81751	E7F2E3
Novus Biologicals	NBP2-24604	A0A1D5PYT7
Novus Biologicals	NBP2-24604	O00292
Novus Biologicals	NBP2-24604	A0A024R3P5
Novus Biologicals	NBP2-24604	P57785
Novus Biologicals	NBP2-24604	Q5UCE3
Novus Biologicals	NBP2-24604	A0A0G2K998
Novus Biologicals	NBP2-24604	A0A0G2JZN0
Novus Biologicals	NBP2-24604	O00292-2
Novus Biologicals	NBP2-24604	O00292-1
Novus Biologicals	BAF378	Q05199
Novus Biologicals	BAF378	A0A1L1RYK9
Novus Biologicals	BAF378	A0A1I7Q442
Novus Biologicals	BAF378	F1NUM4
Novus Biologicals	BAF378	A0A1L1S029
Novus Biologicals	BAF378	Q02297
Novus Biologicals	BAF378	Q7RTV8
Novus Biologicals	BAF378	Q7RTW3
Novus Biologicals	BAF378	Q7RTW5
Novus Biologicals	BAF378	B5BU95
Novus Biologicals	BAF378	B7Z168
Novus Biologicals	BAF378	A0A024QY88
Novus Biologicals	BAF378	Q7RTW4
Novus Biologicals	BAF378	Q96IB3
Novus Biologicals	BAF378	A0A0D9SF85
Novus Biologicals	BAF378	A6MW54
Novus Biologicals	BAF378	A5YAK7
Novus Biologicals	BAF378	E5RHP6
Novus Biologicals	BAF378	A0A087X0X9
Novus Biologicals	BAF378	E7EX30
Novus Biologicals	BAF378	E5RHQ1
Novus Biologicals	BAF378	F6RJN6
Novus Biologicals	BAF378	A6MW56
Novus Biologicals	BAF378	B9EK51
Novus Biologicals	BAF378	E3SFM9
Novus Biologicals	BAF378	A6MW55
Novus Biologicals	BAF378	B0FYA9
Novus Biologicals	BAF378	H0YDC2
Novus Biologicals	BAF378	A5YAK6
Novus Biologicals	BAF378	H0YCP0
Novus Biologicals	BAF378	E3SFN0
Novus Biologicals	BAF378	B0FWZ3
Novus Biologicals	BAF378	B0FYA8
Novus Biologicals	BAF378	E5RIG8
Novus Biologicals	BAF378	H0YBA3
Novus Biologicals	BAF378	B0FYA7
Novus Biologicals	BAF378	Q6PK61
Novus Biologicals	BAF378	A5YAK8
Novus Biologicals	BAF378	Q86WJ0
Novus Biologicals	BAF378	B7Z1E3
Novus Biologicals	BAF378	Q6ICV5
Novus Biologicals	BAF378	Q6DR98
Novus Biologicals	BAF378	Q6DR99
Novus Biologicals	BAF378	A0A140LJC1
Novus Biologicals	BAF378	A0A140LHZ9
Novus Biologicals	BAF378	A0A140LHN1
Novus Biologicals	BAF378	A0A140LIK5
Novus Biologicals	BAF378	A0A140LIJ3
Novus Biologicals	BAF378	A0A140LJ88
Novus Biologicals	BAF378	A0A140LIP8
Novus Biologicals	BAF378	A0A140LHG5
Novus Biologicals	BAF378	B0YIS0
Novus Biologicals	BAF378	B0YIS1
Novus Biologicals	BAF378	A0A140LIG9
Novus Biologicals	BAF378	Q810X0
Novus Biologicals	BAF378	A0A140LHQ6
Novus Biologicals	BAF378	Q3TD94
Novus Biologicals	BAF378	Q3URY7
Novus Biologicals	BAF378	Q8BX76
Novus Biologicals	BAF378	A0A140LHD8
Novus Biologicals	BAF378	P43322
Novus Biologicals	BAF378	D4ACB2
Novus Biologicals	BAF378	G3V7F0
Novus Biologicals	BAF378	G3V9Q0
Novus Biologicals	BAF378	A0A0G2K057
Novus Biologicals	BAF378	Q3S2T6
Novus Biologicals	BAF378	A0A0G2K3Q3
Novus Biologicals	BAF378	Q9ESA1
Novus Biologicals	BAF378	D3ZC94
Novus Biologicals	BAF378	Q9ESA3
Novus Biologicals	BAF378	Q9ESA5
Novus Biologicals	BAF378	Q9ESA2
Novus Biologicals	BAF378	Q9ESB1
Novus Biologicals	BAF378	Q9ESA7
Novus Biologicals	BAF378	Q52R82
Novus Biologicals	BAF378	Q9ESA8
Novus Biologicals	BAF378	G3V7D6
Novus Biologicals	BAF378	Q9ESA6
Novus Biologicals	BAF378	Q9ESB0
Novus Biologicals	BAF378	Q9ESA4
Novus Biologicals	BAF378	Q9ESA9
Novus Biologicals	BAF378	Q03125
Novus Biologicals	BAF378	B3DK99
Novus Biologicals	BAF378	B9VQK8
Novus Biologicals	BAF378	B9VQK7
Novus Biologicals	BAF378	A0A1B4Z255
Novus Biologicals	BAF378	A0A0R4IPH3
Novus Biologicals	BAF378	B9VQK9
Novus Biologicals	BAF378	Q20CG4
Novus Biologicals	BAF378	A0A0R4IBM0
Novus Biologicals	BAF378	A0A0R4IL80
Novus Biologicals	BAF378	A0A0R4IDP7
Novus Biologicals	BAF378	B9VQL0
Novus Biologicals	BAF378	A0A0R4IFE6
Novus Biologicals	BAF378	Q05199-2
Novus Biologicals	BAF378	Q02297-11
Novus Biologicals	BAF378	Q02297-12
Novus Biologicals	BAF378	Q02297-6
Novus Biologicals	BAF378	Q02297-7
Novus Biologicals	BAF378	Q02297-8
Novus Biologicals	BAF378	Q02297-10
Novus Biologicals	BAF378	Q02297-3
Novus Biologicals	BAF378	Q02297-9
Novus Biologicals	BAF378	Q02297-1
Novus Biologicals	BAF378	P43322-8
Novus Biologicals	NBP2-30786	Q8NGG5
Novus Biologicals	NBP2-30786	A0A126GVZ6
Novus Biologicals	NBP1-59368	Q4JIM4
Novus Biologicals	NBP1-59368	P49768
Novus Biologicals	NBP1-59368	A0A024R6A3
Novus Biologicals	NBP1-59368	G3V2B1
Novus Biologicals	NBP1-59368	A0A0S2Z4D2
Novus Biologicals	NBP1-59368	A0A218KGN3
Novus Biologicals	NBP1-59368	H0YNU4
Novus Biologicals	NBP1-59368	A0A218KGQ6
Novus Biologicals	NBP1-59368	G3V519
Novus Biologicals	NBP1-59368	A0A218KGN4
Novus Biologicals	NBP1-59368	G3V449
Novus Biologicals	NBP1-59368	A0A218KGQ3
Novus Biologicals	NBP1-59368	G3V3P0
Novus Biologicals	NBP1-59368	A0A218KGN7
Novus Biologicals	NBP1-59368	E7ES96
Novus Biologicals	NBP1-59368	G3V2G7
Novus Biologicals	NBP1-59368	G3V490
Novus Biologicals	NBP1-59368	G3V5B1
Novus Biologicals	NBP1-59368	A0A218KGP1
Novus Biologicals	NBP1-59368	G3V499
Novus Biologicals	NBP1-59368	A0A218KGP0
Novus Biologicals	NBP1-59368	H0YM52
Novus Biologicals	NBP1-59368	G3V4M0
Novus Biologicals	NBP1-59368	G3V4P4
Novus Biologicals	NBP1-59368	A0A218KGP3
Novus Biologicals	NBP1-59368	G3V3Z0
Novus Biologicals	NBP1-59368	A0A0S2Z484
Novus Biologicals	NBP1-59368	Q6F4C0
Novus Biologicals	NBP1-59368	P49769
Novus Biologicals	NBP1-59368	Q3UYK2
Novus Biologicals	NBP1-59368	Q3TDW2
Novus Biologicals	NBP1-59368	P97887
Novus Biologicals	NBP1-59368	Q9W6T7
Novus Biologicals	NBP1-59368	F1Q8Y6
Novus Biologicals	NBP1-59368	F8W381
Novus Biologicals	NBP1-59368	Q07DQ6
Novus Biologicals	NBP1-59368	F8W2T3
Novus Biologicals	NBP1-59368	P49768-1
Novus Biologicals	NBP1-59368	P49768-2
Novus Biologicals	NBP1-59368	P49768-4
Novus Biologicals	NBP1-59368	P49768-5
Novus Biologicals	NBP1-59368	P49768-3
Novus Biologicals	NBP1-59368	P49768-6
Novus Biologicals	NBP1-59368	P49769-1
Novus Biologicals	NBP2-38817	E1BR34
Novus Biologicals	NBP2-38817	Q96S79
Novus Biologicals	NBP2-38817	L8ECL9
Novus Biologicals	NBP2-38817	Q5SSG5
Novus Biologicals	NBP2-38817	H3BLI7
Novus Biologicals	NBP2-38817	D3ZU35
Novus Biologicals	NBP1-94183	Q17RR3
Novus Biologicals	H00008602-B01P	E1C936
Novus Biologicals	H00008602-B01P	O43051
Novus Biologicals	H00008602-B01P	P78316
Novus Biologicals	H00008602-B01P	E9PFK5
Novus Biologicals	H00008602-B01P	Q96GC8
Novus Biologicals	H00008602-B01P	Q8R3N1
Novus Biologicals	H00008602-B01P	A0A0J9YU38
Novus Biologicals	H00008602-B01P	Q8C539
Novus Biologicals	H00008602-B01P	Q9CSY8
Novus Biologicals	H00008602-B01P	Q3TSX5
Novus Biologicals	H00008602-B01P	A0A0G2K0Z9
Novus Biologicals	H00008602-B01P	D4A5G2
Novus Biologicals	H00008602-B01P	Q99207
Novus Biologicals	H00008602-B01P	Q6DRP8
Novus Biologicals	H00008602-B01P	Q5U3A0
Novus Biologicals	H00008602-B01P	P78316-1
Novus Biologicals	H00008602-B01P	P78316-2
Novus Biologicals	H00006850-B01P	F1N9Y5
Novus Biologicals	H00006850-B01P	A0A0A0MQ53
Novus Biologicals	H00006850-B01P	P43405
Novus Biologicals	H00006850-B01P	C3W980
Novus Biologicals	H00006850-B01P	A0A024R244
Novus Biologicals	H00006850-B01P	A0A024R273
Novus Biologicals	H00006850-B01P	C3W981
Novus Biologicals	H00006850-B01P	P48025
Novus Biologicals	H00006850-B01P	Q3UPF7
Novus Biologicals	H00006850-B01P	E9PWE9
Novus Biologicals	H00006850-B01P	Q3V3Q2
Novus Biologicals	H00006850-B01P	Q6P1E0
Novus Biologicals	H00006850-B01P	Q6LEP4
Novus Biologicals	H00006850-B01P	Q64725
Novus Biologicals	H00006850-B01P	G3V7N4
Novus Biologicals	H00006850-B01P	D3ZH44
Novus Biologicals	H00006850-B01P	Q63614
Novus Biologicals	H00006850-B01P	A0A0R4IUU0
Novus Biologicals	H00006850-B01P	F1QFN4
Novus Biologicals	H00006850-B01P	A0A0R4IBB3
Novus Biologicals	H00006850-B01P	Q910A2
Novus Biologicals	H00006850-B01P	E9QFU7
Novus Biologicals	H00006850-B01P	P43405-2
Novus Biologicals	H00006850-B01P	P43405-1
Novus Biologicals	H00006850-B01P	Q64725-1
Novus Biologicals	NBP2-22383	Q9HC73
Novus Biologicals	NBP2-22383	D0E2W4
Novus Biologicals	NBP2-22383	A0A0C4DH06
Novus Biologicals	NBP2-22383	Q8CII9
Novus Biologicals	NBP2-22383	Q3TCZ1
Novus Biologicals	NBP2-22383	Q05DC7
Novus Biologicals	NBP2-22383	A0A0G2JGP1
Novus Biologicals	NBP2-22383	A0A0G2JF13
Novus Biologicals	NBP2-22383	A0A0R4J0F5
Novus Biologicals	NBP2-22383	Q8R4S8
Novus Biologicals	NBP2-22383	Q6AZ53
Novus Biologicals	NBP2-22383	F1QUR0
Novus Biologicals	NBP2-22383	Q9HC73-3
Novus Biologicals	NBP2-22383	Q9HC73-1
Novus Biologicals	H00009136-M01A	O43818
Novus Biologicals	H00009136-M01A	Q91WM3
Novus Biologicals	H00009136-M01A	A0A087WS95
Novus Biologicals	H00009136-M01A	B0BND5
Novus Biologicals	H00009136-M01A	Q06506
Novus Biologicals	H00009136-M01A	Q803S2
Novus Biologicals	H00009136-M01A	F1R3Q7
Novus Biologicals	AF2587	R4GL75
Novus Biologicals	AF2587	O94991
Novus Biologicals	AF2587	Q4QQH1
Novus Biologicals	AF2587	Q810B7
Novus Biologicals	AF2587	Q69ZV6
Novus Biologicals	AF2587	M0R9U3
Novus Biologicals	AF2587	O94991-1
Novus Biologicals	AF2587	Q810B7-1
Novus Biologicals	NBP2-34623	P04155
Novus Biologicals	NBP2-34623	Q08423
Novus Biologicals	NBP2-34623	Q149Y8
Novus Biologicals	NBP2-34623	Q63467
Novus Biologicals	H00146225-B01P	Q8TAZ6
Novus Biologicals	H00146225-B01P	H3BMC0
Novus Biologicals	H00146225-B01P	Q8TAZ6-2
Novus Biologicals	H00146225-B01P	Q8TAZ6-1
Novus Biologicals	H00011335-M01IR	O93481
Novus Biologicals	H00011335-M01IR	A0A1D5PEX8
Novus Biologicals	H00011335-M01IR	A0A1D5PPQ0
Novus Biologicals	H00011335-M01IR	Q13185
Novus Biologicals	H00011335-M01IR	A4D177
Novus Biologicals	H00011335-M01IR	B8ZZ43
Novus Biologicals	H00011335-M01IR	S4R2Y4
Novus Biologicals	H00011335-M01IR	C9JMM0
Novus Biologicals	H00011335-M01IR	P23198
Novus Biologicals	H00011335-M01IR	Q9DCC5
Novus Biologicals	H00011335-M01IR	D3Z313
Novus Biologicals	H00011335-M01IR	D3Z1A9
Novus Biologicals	H00011335-M01IR	I6L9I7
Novus Biologicals	H00011335-M01IR	Q32P00
Novus Biologicals	H00011335-M01IR	Q5RJK5
Novus Biologicals	H00011335-M01IR	Q5RJL1
Novus Biologicals	H00008724-M10	Q5ZIA3
Novus Biologicals	H00008724-M10	A0A1D5PN53
Novus Biologicals	H00008724-M10	Q9VG51
Novus Biologicals	H00008724-M10	O94291
Novus Biologicals	H00008724-M10	O60493
Novus Biologicals	H00008724-M10	O70492
Novus Biologicals	H00008724-M10	Q78ZM0
Novus Biologicals	H00008724-M10	D3Z789
Novus Biologicals	H00008724-M10	D3Z6Z0
Novus Biologicals	H00008724-M10	Q9CSC2
Novus Biologicals	H00008724-M10	Q9CU14
Novus Biologicals	H00008724-M10	Q5U211
Novus Biologicals	H00008724-M10	Q08826
Novus Biologicals	H00008724-M10	Q3B7E7
Novus Biologicals	H00008724-M10	A0A0R4IDU3
Novus Biologicals	H00008724-M10	B0S7S4
Novus Biologicals	H00008724-M10	O60493-4
Novus Biologicals	H00008724-M10	O60493-1
Novus Biologicals	H00008724-M10	O60493-2
Novus Biologicals	H00008724-M10	O60493-3
Novus Biologicals	H00083890-B01P	Q9BWV2
Novus Biologicals	H00083890-B01P	A0A140VJV2
Novus Biologicals	H00083890-B01P	Q9D9R3
Novus Biologicals	H00083890-B01P	D3ZFQ7
Novus Biologicals	H00083890-B01P	Q9BWV2-1
Novus Biologicals	H00083890-B01P	Q9BWV2-2
Novus Biologicals	H00083890-B01P	Q9BWV2-3
Novus Biologicals	H00083890-B01P	Q9D9R3-1
Novus Biologicals	H00083890-B01P	Q9D9R3-2
Novus Biologicals	NBP1-69102	E1C7M3
Novus Biologicals	NBP1-69102	A0A1D5PBC9
Novus Biologicals	NBP1-69102	A0A1D5NWW4
Novus Biologicals	NBP1-69102	Q9NZQ3
Novus Biologicals	NBP1-69102	F8WCR8
Novus Biologicals	NBP1-69102	C9JSC3
Novus Biologicals	NBP1-69102	H7C2K2
Novus Biologicals	NBP1-69102	H7C0T9
Novus Biologicals	NBP1-69102	C9JC20
Novus Biologicals	NBP1-69102	C9JMQ4
Novus Biologicals	NBP1-69102	Q9ESJ4
Novus Biologicals	NBP1-69102	A0A0A6YWU4
Novus Biologicals	NBP1-69102	A0A0A6YX64
Novus Biologicals	NBP1-69102	A0A0A6YWW3
Novus Biologicals	NBP1-69102	D3ZWX4
Novus Biologicals	NBP1-69102	F1QMR6
Novus Biologicals	NBP1-69102	B0JZN2
Novus Biologicals	NBP1-69102	Q9NZQ3-1
Novus Biologicals	NBP1-69102	Q9NZQ3-3
Novus Biologicals	NB100-527V	Q8QHL3
Novus Biologicals	NB100-527V	F1P382
Novus Biologicals	NB100-527V	P17948
Novus Biologicals	NB100-527V	H9N1E8
Novus Biologicals	NB100-527V	H9N1E7
Novus Biologicals	NB100-527V	V9Q458
Novus Biologicals	NB100-527V	V9Q5H8
Novus Biologicals	NB100-527V	X2QIK8
Novus Biologicals	NB100-527V	L7RSL3
Novus Biologicals	NB100-527V	B5A924
Novus Biologicals	NB100-527V	A0A1W2PNW4
Novus Biologicals	NB100-527V	B1AC84
Novus Biologicals	NB100-527V	S5U0M6
Novus Biologicals	NB100-527V	Q16332
Novus Biologicals	NB100-527V	X2CBY1
Novus Biologicals	NB100-527V	Q16333
Novus Biologicals	NB100-527V	X2C8T1
Novus Biologicals	NB100-527V	S5TRK2
Novus Biologicals	NB100-527V	X2QEJ0
Novus Biologicals	NB100-527V	P35969
Novus Biologicals	NB100-527V	O55095
Novus Biologicals	NB100-527V	A0A0R4J0A4
Novus Biologicals	NB100-527V	Q8K1H4
Novus Biologicals	NB100-527V	Q3TJC1
Novus Biologicals	NB100-527V	Q9CSC8
Novus Biologicals	NB100-527V	Q9DAV2
Novus Biologicals	NB100-527V	Q78ZF4
Novus Biologicals	NB100-527V	Q9CW58
Novus Biologicals	NB100-527V	P53767
Novus Biologicals	NB100-527V	G3V633
Novus Biologicals	NB100-527V	Q9JJ08
Novus Biologicals	NB100-527V	B3DKP1
Novus Biologicals	NB100-527V	A4QNT7
Novus Biologicals	NB100-527V	Q5GIT3
Novus Biologicals	NB100-527V	F1QBD0
Novus Biologicals	NB100-527V	Q4JDD5
Novus Biologicals	NB100-527V	Q8QHL3-1
Novus Biologicals	NB100-527V	P17948-2
Novus Biologicals	NB100-527V	P17948-3
Novus Biologicals	NB100-527V	P17948-4
Novus Biologicals	NB100-527V	P17948-1
Novus Biologicals	NB100-527V	P17948-8
Novus Biologicals	H00000637-M03	Q8JGM8
Novus Biologicals	H00000637-M03	A0A140T8G9
Novus Biologicals	H00000637-M03	A0A1D5P8E8
Novus Biologicals	H00000637-M03	P55957
Novus Biologicals	H00000637-M03	B2ZP79
Novus Biologicals	H00000637-M03	B2ZP78
Novus Biologicals	H00000637-M03	A8ASI8
Novus Biologicals	H00000637-M03	P70444
Novus Biologicals	H00000637-M03	D3Z463
Novus Biologicals	H00000637-M03	Q9JLT6
Novus Biologicals	H00000637-M03	A8ASI9
Novus Biologicals	H00000637-M03	P55957-1
Novus Biologicals	H00000637-M03	P55957-4
Novus Biologicals	H00000637-M03	P55957-2
Novus Biologicals	H00000637-M03	P55957-3
R&D Systems	AF1024-SP	Q90826
R&D Systems	AF1024-SP	Q4KS30
R&D Systems	AF1024-SP	P13236
R&D Systems	AF1024-SP	Q7M4M2
R&D Systems	AF1024-SP	Q6JSE0
R&D Systems	AF1024-SP	P14097
R&D Systems	AF1024-SP	Q5QNV9
R&D Systems	AF1024-SP	P50230
R&D Systems	AF1024-SP	G3V7I1
R&D Systems	MAB685-500	F1NCL8
R&D Systems	MAB685-500	P22455
R&D Systems	MAB685-500	A0A024R7S1
R&D Systems	MAB685-500	B5A964
R&D Systems	MAB685-500	E7EWF4
R&D Systems	MAB685-500	A0A024R7P8
R&D Systems	MAB685-500	Q6LBK2
R&D Systems	MAB685-500	D6RJD4
R&D Systems	MAB685-500	D6RG06
R&D Systems	MAB685-500	J3KPQ0
R&D Systems	MAB685-500	H0Y9P2
R&D Systems	MAB685-500	B5A965
R&D Systems	MAB685-500	D6R9V0
R&D Systems	MAB685-500	Q03142
R&D Systems	MAB685-500	A0A0R4IZY3
R&D Systems	MAB685-500	Q9ESV4
R&D Systems	MAB685-500	Q9ESV5
R&D Systems	MAB685-500	Q498D6
R&D Systems	MAB685-500	Q90413
R&D Systems	MAB685-500	B7ZVT9
R&D Systems	MAB685-500	Q4VBK2
R&D Systems	MAB685-500	A4JYD8
R&D Systems	MAB685-500	P22455-1
R&D Systems	MAB685-500	P22455-2
R&D Systems	MAB2339-500	F1NGT0
R&D Systems	MAB2339-500	P13726
R&D Systems	MAB2339-500	P20352
R&D Systems	MAB2339-500	A0A0R4J088
R&D Systems	MAB2339-500	Q8R3Q1
R&D Systems	MAB2339-500	A0A0G2JGS5
R&D Systems	MAB2339-500	Q6RFS9
R&D Systems	MAB2339-500	P42533
R&D Systems	MAB2339-500	Q66HI4
R&D Systems	MAB2339-500	P13726-2
R&D Systems	MAB2339-500	P13726-1
R&D Systems	MAB7940	Q8GXX0
R&D Systems	MAB7940	A0A1P8AP23
R&D Systems	MAB7940	Q8T0S6
R&D Systems	MAB7940	Q9VD61
R&D Systems	MAB7940	A0A0B4KFW0
R&D Systems	MAB7940	O14144
R&D Systems	MAB7940	P27882
R&D Systems	MAB7940	P55789
R&D Systems	MAB7940	P56213
R&D Systems	MAB7940	Q63042
R&D Systems	BAF2364	P98160
R&D Systems	BAF2364	Q05793
R&D Systems	AF2537	Q9R1J4
R&D Systems	AF2537	O70624
R&D Systems	AF6968	P02197
R&D Systems	AF6968	P02144
R&D Systems	AF6968	Q8WVH6
R&D Systems	AF6968	F2Z2F1
R&D Systems	AF6968	U6FIU7
R&D Systems	AF6968	A0A024R1G3
R&D Systems	AF6968	B0QYF8
R&D Systems	AF6968	U6FIV2
R&D Systems	AF6968	B0QYF7
R&D Systems	AF6968	F2Z337
R&D Systems	AF6968	U6FJG6
R&D Systems	AF6968	U6FM64
R&D Systems	AF6968	P35737
R&D Systems	AF6968	P04247
R&D Systems	AF6968	Q3UVB1
R&D Systems	AF6968	Q9QZ76
R&D Systems	AF6968	A0A1K0FUB2
R&D Systems	AF6968	Q6VN46
R&D Systems	AF6968	H0WE38
R&D Systems	AF6968	M9PEI9
R&D Systems	MAB1549	Q9UK85
R&D Systems	MAB1549	M0R1E5
R&D Systems	MAB1549	M0QYJ2
R&D Systems	MAB1549	M0R2X7
R&D Systems	MAB1549	M0R1Q7
R&D Systems	MAB1549	M0QZP1
R&D Systems	MAB1549	Q9QZL9
R&D Systems	MAB1549	Q3V2N2
R&D Systems	MAB1549	A0A1B0GRV4
R&D Systems	MAB1549	A0A1B0GRE6
R&D Systems	MAB1549	D4A444
R&D Systems	MAB1549	M9PEI9
R&D Systems	MAB81751	P57678
R&D Systems	MAB81751	P78344
R&D Systems	MAB81751	O73777
R&D Systems	MAB81751	Q62448
Santa Cruz Biotechnology	sc-133225	Q9UQL6
Santa Cruz Biotechnology	sc-133225	Q9Z2V6
Santa Cruz Biotechnology	sc-28377	Q9UBU9
Santa Cruz Biotechnology	sc-32770	O43426
Santa Cruz Biotechnology	sc-32770	Q8CHC4
Santa Cruz Biotechnology	sc-376568	O60500
Sigma-Aldrich	SAB1403195	Q9UHP6
Sigma-Aldrich	SAB1403195	B5MCI8
Sigma-Aldrich	SAB1403195	H7C3W6
Sigma-Aldrich	SAB1403195	H7BZU8
Sigma-Aldrich	SAB1403195	H7C2M5
Sigma-Aldrich	WH0064324M5	F1N972
Sigma-Aldrich	WH0064324M5	A0A1D5P8K9
Sigma-Aldrich	WH0064324M5	A0A1D5PK07
Sigma-Aldrich	WH0064324M5	Q96L73
Sigma-Aldrich	WH0064324M5	D6RG26
Sigma-Aldrich	WH0064324M5	D6RBP3
Sigma-Aldrich	WH0064324M5	H7BYB0
Sigma-Aldrich	WH0064324M5	D6RE14
Sigma-Aldrich	WH0064324M5	D6RA58
Sigma-Aldrich	WH0064324M5	D6RA90
Sigma-Aldrich	WH0064324M5	A0A1W2PS55
Sigma-Aldrich	WH0064324M5	D6RBV9
Sigma-Aldrich	WH0064324M5	L8EAB5
Sigma-Aldrich	WH0064324M5	B2RWP5
Sigma-Aldrich	WH0064324M5	A4QPE5
Sigma-Aldrich	WH0064324M5	L0R5C2
Sigma-Aldrich	WH0064324M5	A0A1D5RMR9
Sigma-Aldrich	WH0064324M5	O88491
Sigma-Aldrich	WH0064324M5	Q8VHQ8
Sigma-Aldrich	WH0064324M5	Q3UL03
Sigma-Aldrich	WH0064324M5	E9QAE4
Sigma-Aldrich	WH0064324M5	D4AA06
Sigma-Aldrich	WH0064324M5	Q96L73-1
Sigma-Aldrich	WH0064324M5	Q96L73-2
Sigma-Aldrich	WH0005100M1	A5Y5L6
Sigma-Aldrich	WH0005100M1	A0A1D5PHZ0
Sigma-Aldrich	WH0005100M1	O95206
Sigma-Aldrich	WH0005100M1	A0A024QZ94
Sigma-Aldrich	WH0005100M1	Q7TSK3
Sigma-Aldrich	WH0005100M1	D3ZE55
Sigma-Aldrich	WH0005100M1	F1REQ8
Sigma-Aldrich	WH0005100M1	O93508
Sigma-Aldrich	WH0005100M1	O95206-1
Sigma-Aldrich	WH0005100M1	O95206-2
Sigma-Aldrich	WH0005100M1	Q7TSK3-2
Sigma-Aldrich	WH0005100M1	Q7TSK3-1
Sigma-Aldrich	WH0005100M1	D3ZE55-1
Sigma-Aldrich	HPA058064	Q5XKK7
Sigma-Aldrich	HPA058064	H3BNG0
Sigma-Aldrich	HPA058064	H3BSK2
Sigma-Aldrich	HPA058064	H3BM86
Sigma-Aldrich	HPA058064	H3BMU7
Sigma-Aldrich	HPA058064	H3BMY2
Sigma-Aldrich	HPA058064	A0A0G2JLB0
Sigma-Aldrich	HPA058064	H3BPC2
Sigma-Aldrich	HPA058064	H3BRU1
Sigma-Aldrich	HPA058064	Q14DQ1
Sigma-Aldrich	HPA058064	A0A0G2K359
Sigma-Aldrich	HPA058064	A0A0G2JWV6
Sigma-Aldrich	HPA058064	Q58EI9
Sigma-Aldrich	HPA058064	Q5XKK7-1
Sigma-Aldrich	HPA058064	Q5XKK7-3
Sigma-Aldrich	HPA058064	Q14DQ1-1
Sigma-Aldrich	HPA058064	Q14DQ1-2
Sigma-Aldrich	HPA039779	A0A1D5PPI7
Sigma-Aldrich	HPA039779	A0A024RDM4
Sigma-Aldrich	SAB1407522	HGNC:10286
Sigma-Aldrich	SAB1407522	P17076
Sigma-Aldrich	SAB1407522	P29453
Sigma-Aldrich	APREST77215	P26374
Sigma-Aldrich	SAB2501383	B6ETT4
Sigma-Aldrich	SAB2501383	R4GIX6
Sigma-Aldrich	SAB2501383	A0A1D5P3K5
Sigma-Aldrich	SAB2501383	Q8N9I0
Sigma-Aldrich	SAB2501383	A0A024R9B3
Sigma-Aldrich	SAB2501383	A4FU00
Sigma-Aldrich	SAB2501383	P46097
Sigma-Aldrich	SAB2501383	Q9JM87
Sigma-Aldrich	SAB2501383	A0A0R4J2C2
Sigma-Aldrich	SAB2501383	Q5DTI3
Sigma-Aldrich	SAB2501383	P29101
Sigma-Aldrich	SAB2501383	G3V6M3
Sigma-Aldrich	SAB1412436	E1BVB4
Sigma-Aldrich	SAB1412436	A0A1D5PED3
Sigma-Aldrich	SAB1412436	Q01543
Sigma-Aldrich	SAB1412436	A0A024R3K4
Sigma-Aldrich	SAB1412436	A0A024R3M5
Sigma-Aldrich	SAB1412436	V9GZ02
Sigma-Aldrich	SAB1412436	V9GY62
Sigma-Aldrich	SAB1412436	A0A024R3N6
Sigma-Aldrich	SAB1412436	A0A0A0MSR4
Sigma-Aldrich	SAB1412436	Q9UEE2
Sigma-Aldrich	SAB1412436	Q9UEE3
Sigma-Aldrich	SAB1412436	P26323
Sigma-Aldrich	SAB1412436	Q544B3
Sigma-Aldrich	SAB1412436	Q8BJH6
Sigma-Aldrich	SAB1412436	V9GX50
Sigma-Aldrich	SAB1412436	Q8BZ56
Sigma-Aldrich	SAB1412436	Q4Z8P1
Sigma-Aldrich	SAB1412436	Q01543-3
Sigma-Aldrich	SAB1412436	Q01543-2
Sigma-Aldrich	SAB1412436	Q01543-4
Sigma-Aldrich	SAB1412436	Q01543-1
Sigma-Aldrich	HPA018024	Q5ZKK0
Sigma-Aldrich	HPA018024	F1NAD0
Sigma-Aldrich	HPA018024	Q7Z3D4
Sigma-Aldrich	HPA018024	A8K613
Sigma-Aldrich	HPA018024	G5E9N8
Sigma-Aldrich	HPA018024	Q99LE3
Sigma-Aldrich	HPA018024	Q5M836
Sigma-Aldrich	HPA018024	Q6IQA2
Sigma-Aldrich	HPA018024	B0R0T4
Sigma-Aldrich	HPA018024	Q7Z3D4-2
Sigma-Aldrich	HPA018024	Q7Z3D4-1
Sigma-Aldrich	HPA018024	Q7Z3D4-3
Sigma-Aldrich	HPA059577	Q5ZIU2
Sigma-Aldrich	HPA059577	A0A1D5PD03
Sigma-Aldrich	HPA059577	F1NSP1
Sigma-Aldrich	HPA059577	Q86TV6
Sigma-Aldrich	HPA059577	Q6PIF1
Sigma-Aldrich	HPA059577	A0A0C4DGK5
Sigma-Aldrich	HPA059577	H0YJP9
Sigma-Aldrich	HPA059577	H0YK02
Sigma-Aldrich	HPA059577	G3V3E4
Sigma-Aldrich	HPA059577	G3V3H1
Sigma-Aldrich	HPA059577	H0YIZ4
Sigma-Aldrich	HPA059577	H0YJS2
Sigma-Aldrich	HPA059577	E9Q6P5
Sigma-Aldrich	HPA059577	A0A1Y7VLT4
Sigma-Aldrich	HPA059577	A0A1Y7VL44
Sigma-Aldrich	HPA059577	Q3UFQ5
Sigma-Aldrich	HPA059577	B5DFB4
Sigma-Aldrich	HPA059577	A0A0G2JXJ6
Sigma-Aldrich	HPA059577	F1LUY5
Sigma-Aldrich	HPA059577	A1L101
Sigma-Aldrich	HPA059577	A0A0R4IH06
Sigma-Aldrich	HPA059577	F1R1C9
Sigma-Aldrich	HPA059577	K7DYL6
Sigma-Aldrich	HPA059577	A0A0R4IHK2
Sigma-Aldrich	HPA059577	Q86TV6-1
Sigma-Aldrich	HPA059577	Q86TV6-2
Sigma-Aldrich	SAB1405844	E1C241
Sigma-Aldrich	SAB1405844	Q14435
Sigma-Aldrich	SAB1405844	C9JXX2
Sigma-Aldrich	SAB1405844	H7BZS4
Sigma-Aldrich	SAB1405844	C9JY57
Sigma-Aldrich	SAB1405844	C9J2C3
Sigma-Aldrich	SAB1405844	C9J388
Sigma-Aldrich	SAB1405844	E7EUL0
Sigma-Aldrich	SAB1405844	C9JW45
Sigma-Aldrich	SAB1405844	Q68VJ6
Sigma-Aldrich	SAB1405844	P70419
Sigma-Aldrich	SAB1405844	Q3T1J4
Sigma-Aldrich	SAB1405844	Q58A69
Sigma-Aldrich	SAB1405844	Q14435-1
Sigma-Aldrich	APREST76722	O14921
Sigma-Aldrich	SAB1406044	Q1PS65
Sigma-Aldrich	SAB1406044	E1BUT7
Sigma-Aldrich	SAB1406044	O14896
Sigma-Aldrich	SAB1406044	G0Z349
Sigma-Aldrich	SAB1406044	B1AJU4
Sigma-Aldrich	SAB1406044	P97431
Sigma-Aldrich	SAB1406044	Q3UEJ9
Sigma-Aldrich	SAB1406044	Q8C2Z7
Sigma-Aldrich	SAB1406044	D4AAV0
Sigma-Aldrich	SAB1406044	Q6PGZ7
Sigma-Aldrich	SAB1406044	A0A0R4IQV7
Sigma-Aldrich	SAB1406044	O14896-2
Sigma-Aldrich	SAB1406044	O14896-1
Sigma-Aldrich	SAB1405409	Q7Z3S9
Sigma-Aldrich	SAB1405409	Q7Z3S9-1
Sigma-Aldrich	SAB1405409	Q7Z3S9-2
St John's Labs	STJ91505	P55036
St John's Labs	STJ91505	P39015
Thermo Fisher Scientific	PA5-23166	Q9H492
Thermo Fisher Scientific	PA5-23166	Q91VR7
Thermo Fisher Scientific	PA5-23166	Q6XVN8
Thermo Fisher Scientific	PA5-47347	Q8QZY3
Thermo Fisher Scientific	PA5-25007	Q9BZV1
Thermo Fisher Scientific	PA5-25007	Q99PL6
Biomatik	CAE03561	P01308
Biomatik	CAE03561	P67970
Biomatik	CAE03561	O73727
Biomatik	CAE03820	O49562
Biomatik	CAE03820	A8MQQ1
Biomatik	CAE03820	P56715
Biomatik	CAE03820	A0FDN2
Biomatik	CAE03820	A0A1B0GUH0
Biomatik	CAE03820	A0A1B0GTV9
Biomatik	CAE03820	Q6DKV0
Biomatik	CAE03820	P56716
Biomatik	CAE03820	A0A140LHJ6
Biomatik	CAE03820	A0A0A6YXU6
Biomatik	CAE03820	Q9QZY0
Biomatik	CAE03820	Q4VA02
Biomatik	CAE03820	Q8BXR8
Biomatik	CAE03820	Q8K166
Biomatik	CAE03820	Q8BXN6
Biomatik	CAE03820	D4ABP8
Biomatik	CAE03820	F1QI02
Biomatik	CAE03820	P14126
Biomatik	CAE03820	O49562-2
Biomatik	CAE03820	O49562-1
Sigma-Aldrich	SAB1411918	Ido1
Sigma-Aldrich	SAB1411918	IDO1
Sigma-Aldrich	SAB1411918	ido1
Sigma-Aldrich	SAB1406044	IRF6
Sigma-Aldrich	SAB1406044	Irf6
Sigma-Aldrich	SAB1406044	irf6
Creative Diagnostics	DPABH-20295	SRGAP2
Creative Diagnostics	DPABH-20295	SRGAP3
Creative Diagnostics	DPABH-20295	srgap2a
Creative Diagnostics	DPABH-20295	Srgap2
Sigma-Aldrich	SAB1405409	NOTCH2NL
Creative Diagnostics	DPABH-20157	TSPOAP1
Creative Diagnostics	DPABH-20157	BZRAP1
Creative Diagnostics	DPABH-20157	Bzrap1
Sigma-Aldrich	WH0005100M1	pcdh8
Sigma-Aldrich	WH0005100M1	PCDH8
Sigma-Aldrich	WH0005100M1	Pcdh8
St John's Labs	STJ97618	LAT
St John's Labs	STJ97618	SPNS1
St John's Labs	STJ97618	Lat
St John's Labs	STJ97618	lat
Sigma-Aldrich	HPA059577	TTC7B
Sigma-Aldrich	HPA059577	Ttc7b
Sigma-Aldrich	HPA059577	ttc7b
Creative Diagnostics	DPABH-04597	EBAG9
Creative Diagnostics	DPABH-04597	Ebag9
Creative Diagnostics	DPABH-04597	ebag9
Sigma-Aldrich	WH0064324M5	NSD1
Sigma-Aldrich	WH0064324M5	Nsd1
Sigma-Aldrich	SAB1405844	Galnt3
Sigma-Aldrich	SAB1405844	GALNT3
Sigma-Aldrich	SAB2501383	SYT2
Sigma-Aldrich	SAB2501383	Syt2
Sigma-Aldrich	SAB2501383	SYTB
Sigma-Aldrich	HPA018024	LYSMD3
Sigma-Aldrich	HPA018024	Lysmd3
Sigma-Aldrich	HPA018024	lysmd3
BD Biosciences	553160	Enpep
St John's Labs	STJ91505	AFF1
St John's Labs	STJ91505	Aff1
Creative Diagnostics	DPABH-18755	Klhl5
Creative Diagnostics	DPABH-18755	KLHL5
Creative Diagnostics	DPABH-18755	klhl5
Creative Diagnostics	DPABH-28907	MNP1
Creative Diagnostics	DPABH-28907	Mrpl12
Creative Diagnostics	DPABH-28907	MRPL12
Creative Diagnostics	DPABH-28907	mrpl12
Creative Diagnostics	DPABH-28907	mRpL12
Creative Diagnostics	DPABH-28907	mrpl-12