Vendor	SKU	epitope	specificity	Immunogen	start	stop
Abcam	AB108050	Synthetic peptide corresponding to a region within N terminal amino acids 40-69 of Human USP49 (NP_061031.2), conjugated to KLH.	N Terminus	KCSHVACGRYIEDHALKHFEETGHPLAMEV	40	69
Abcam	AB68554	Synthetic peptide corresponding to Mouse GABA B Receptor 1 aa 822-844 (C terminal). Coupled to a carrier protein.<br>Sequence:	C Terminus	VTMILSSQQDAAFAFASLAIVFS	822	844
Abcam	AB135356	Synthetic peptide corresponding to N terminal amino acids 225-274 (LRVMNSQEQD ETSVSSEDFD MSDSTWMSAD PHLASSLSPS QDERMRSPQN) of Human C20orf112 (NP_001243727)	N Terminus	LRVMNSQEQD	225	274
Abcam	AB94603	Synthetic peptide corresponding to a region within N terminal amino acids 2-51 (LLSKINSLAH LRAAPCNDLH ATKLAPGKEK EPLESQYQVG PLLGSGGFGS) of Human PIM1 (NP_002639)	N Terminus	LLSKINSLAH	2	51
Abcam	AB200567	Synthetic peptide within Human NSRP1 aa 350-400. The exact sequence is proprietary. (NP_115517.1).<br>Sequence:		SHRDSHWKRHEQEDKPRARDQRERSDRVWKREKDREKYSQREQERDRQQND	350	400
Abcam	AB135757	Synthetic peptide conjugated to KLH, corresponding to a sequence between C terminal amino acids 511-541 of Human SENP2.	C Terminus	YLQDESKTKRNSDLNLLEWTHHSMKPHEIPQ	511	541
Abcam	AB6992	Recombinant fragment corresponding to Mouse CTGF aa 223-348.<br>Database link: <a href=http://www.uniprot.org/uniprot/P29268 target=blank>P29268</a><br>(Peptide available as <ab><a href=/ab7861.html>ab7861</a>) 		NDNASCRLEKQSRLCMVRPCEADLEENIKKGKKCIRTPKISKPIKFELSGCTSMKTYRAKFCGVCTDGRCCTPHRTTTLPVEFKCPDGEVMKKNMMFIKTCACHYNCPGDNDIFESLYYRKMYGDM	223	348
Abcam	AB197986	Fusion protein corresponding to Human HSD17B8 aa 1-261. (BC008185; The identity of the protein fusion partner is GST).<br>Sequence:		MASQLQNRLRSALALVTGAGSGIGRAVSVRLAGEGATVAACDLDRAAAQETVRLLGGPGSKEGPPRGNHAAFQADVSEARAARCLLEQVQACFSRPPSVVVSCAGITQDEFLLHMSEDDWDKVIAVNLKGTFLVTQAAAQALVSNGCRGSIINISSIVGKVGNVGQTNYAASKAGVIGLTQTAARELGRHGIRCNSVLPGFIATPMTQKVPQKVVDKITEMIPMGHLGDPEDVADVVAFLASEDSGYITGTSVEVTGGLFM	1	261
Abcam	AB116145	Synthetic peptide corresponding to a region within internal sequence amino acids 606-655 (SPYEERSRTK GGGQQSERGS DRTPERSRKE NHSSEGTKES GSNSLSNSRH)  of Mouse RBM15B (NP_780611)	Internal Sequence	SPYEERSRTK	606	655
Abcam	AB102672	Synthetic peptide corresponding to Rat P2Y12 aa 1-100 conjugated to keyhole limpet haemocyanin.<br>Database link: <a href=http://www.uniprot.org/uniprot/Q9EPX4 target=blank>Q9EPX4</a><br>(Peptide available as <ab><a href=/ab115243.html>ab115243</a>) 		MQAVDNLTSAPGNTSLCTRDYKITQVLFPLLYTVLFFVGLITNGLAMRIFFQIRSKSNFIIFLKNTVISDLLMILTFPFKILSDAKLGTGPLRTFVCQVT	1	100
Abgent	AP16760B	812-840 aa			812	840
Abgent	AP11705C	249-276 aa		ARSRDATPPVSPINMEDQERIKVERKRL	249	276
Abgent	AP6876A	17-45 aa		VLRSLHAAGLLGPSLRDPLDALPVHHAAR	17	45
Abgent	AP14658B	670-698 aa		FSLSDRPPAVLPPCARGNSEPGYARGQES	670	698
Abnova	H00001163-B01P	MSHKQIYYSDKYDDEEFEYRHVMLPKDIAKLVPKTHLMSESEWRNLGVQQSQGWVHYMIHEPEPHILLFRRPLPKKPKK		MSHKQIYYSDKYDDEEFEYRHVMLPKDIAKLVPKTHLMSESEWRNLGVQQSQGWVHYMIHEPEPHILLFRRPLPKKPKK		
Abnova	H00009136-M01A	MSATAAARKRGKPASGAGAGAGAGKRRRKADSAGDRGKSKGGGKMNEEISSDSESESLAPRKPEEEEEEELEETAQEKKLRLAKLYLEQLRQQEEEKAEARAFEEDQVAGRLKEDVLEQRGRLQKLVAKEIQAPASADIRVLRGHQLSITCLVVTPDDSAIFSAAKDCSIIKWSVESGRKLHVIPRAKKGAEGKPPGHSSHVLCMAISSDGKYLASGDRSKLILIWEAQSCQHLYTFTGHRDAVSGLAFRRGTHQLYSTSHDRSVKVWNVAENSYVETLFGHQDAVAALDALSRECCVTAGGRDGTVRVWKIPEESQLVFYGHQGSIDCIHLINEEHMVSGADDGSVALWGLSKKRPLALQREAHGLRGEPGLEQPFWISSVAALLNTDLVATGSHSSCVRLWQCGEGFRQLDLLCDIPLVGFINSLKFSSSGDFLVAGVGQEHRLGRWWRIKEARNSVCIIPLRRVPVPPAAGS		MSATAAARKRGKPASGAGAGAGAGKRRRKADSAGDRGKSKGGGKMNEEISSDSESESLAPRKPEEEEEEELEETAQEKKLRLAKLYLEQLRQQEEEKAEARAFEEDQVAGRLKEDVLEQRGRLQKLVAKEIQAPASADIRVLRGHQLSITCLVVTPDDSAIFSAAKDCSIIKWSVESGRKLHVIPRAKKGAEGKPPGHSSHVLCMAISSDGKYLASGDRSKLILIWEAQSCQHLYTFTGHRDAVSGLAFRRGTHQLYSTSHDRSVKVWNVAENSYVETLFGHQDAVAALDALSRECCVTAGGRDGTVRVWKIPEESQLVFYGHQGSIDCIHLINEEHMVSGADDGSVALWGLSKKRPLALQREAHGLRGEPGLEQPFWISSVAALLNTDLVATGSHSSCVRLWQCGEGFRQLDLLCDIPLVGFINSLKFSSSGDFLVAGVGQEHRLGRWWRIKEARNSVCIIPLRRVPVPPAAGS		
Abnova	PAB23135	NVDRHVDLLEVAQETDGFSGSDLKEMCRDAALLCVREYVNSTSEESHDEDEIRPVQQQDLHRAIEKMKKSKDAAFQ		NVDRHVDLLEVAQETDGFSGSDLKEMCRDAALLCVREYVNSTSEESHDEDEIRPVQQQDLHRAIEKMKKSKDAAFQ		
Abnova	H00083890-B01P	MPIKPVGWICGQVLKNFSGRIEGIQKAIMDLVDEFKDEFPTILRLSQSNQKREPAQKTSKIRMAIALAKINRATLIRGLNSISRSSKSVAKLLHPQLACRLLELRDISGRLLREVNAPRQPLYNIQVRKGSLFEIISFPAKTALTSIIYASYAALIYLAVCVNAVLKKVKNIFQEEESIRQNREESENCRKAFSEPVLSEPMFAEGEIKAKPYRSLPEKPDISDYPKLLANKQSNNIQVLHSVFDQSAEMNEQI		MPIKPVGWICGQVLKNFSGRIEGIQKAIMDLVDEFKDEFPTILRLSQSNQKREPAQKTSKIRMAIALAKINRATLIRGLNSISRSSKSVAKLLHPQLACRLLELRDISGRLLREVNAPRQPLYNIQVRKGSLFEIISFPAKTALTSIIYASYAALIYLAVCVNAVLKKVKNIFQEEESIRQNREESENCRKAFSEPVLSEPMFAEGEIKAKPYRSLPEKPDISDYPKLLANKQSNNIQVLHSVFDQSAEMNEQI		
Abnova	H00000637-M03	MDCEVNNGSSLRDECITNLLVFGFLQSCSDNSFRRELDALGHELPVLAPQWEGYDELQTDGNRSSHSRLGRIEADSESQEDIIRNIARHLAQVGDSMDRSIPPGLVNGLALQLRNTSRSEEDRNRDLATALEQLLQAYPRDMEKEKTMLVLALLLAKKVASHTPSLLRDVFHTTVNFINQNLRTYVRSLARNGMD		MDCEVNNGSSLRDECITNLLVFGFLQSCSDNSFRRELDALGHELPVLAPQWEGYDELQTDGNRSSHSRLGRIEADSESQEDIIRNIARHLAQVGDSMDRSIPPGLVNGLALQLRNTSRSEEDRNRDLATALEQLLQAYPRDMEKEKTMLVLALLLAKKVASHTPSLLRDVFHTTVNFINQNLRTYVRSLARNGMD		
Abnova	PAB6876	C-HTSEDGKVQVTRPDQ		HTSEDGKVQVTRPDQ		
Abnova	H00007158-M01	LEIPPFNKQYTESQLRAGAGYILEDFNEAQCNTAYQCLLIADQHCRTRKYFLCLASGIPCVSHVWVHDSCHANQLQNYRNYLLPAGYSLEEQRILDWQPRENPFQNLKV		LEIPPFNKQYTESQLRAGAGYILEDFNEAQCNTAYQCLLIADQHCRTRKYFLCLASGIPCVSHVWVHDSCHANQLQNYRNYLLPAGYSLEEQRILDWQPRENPFQNLKV		
BD Biosciences	553160	C57L mouse Pre-B lymphhoma cell line L1-2			1	2
Biomatik	CAE03561	C-RPQDVNRRDQQRNP		RPQDVNRRDQQRNP		
Biomatik	CAE03820	C-DAPWEAQHADKWDK		DAPWEAQHADKWDK		
Creative Diagnostics	DPABH-17228	aa 686-796		AFKEQLKKTSHNLKLLQEALMPVSALDLGGSLQFILDLRQKWNDMKPQFQQLNDEVQYIMKESEELTGRGAPVKEKSQQLKDLIHFHQKQKERIQDYEDILYKVVQFHQVK	686	796
Creative Diagnostics	DPABH-04597	aa 195-206		KEAQRLMKKEQN	195	206
Creative Diagnostics	DPABH-09634	aa 74-309		DYQRLYGTRCFSCDQFIEGEVVSALGKTYHPDCFVCAVCRLPFPPGDRVTFNGKECMCQKCSLPVSVGSSAHLSQGLRSCGGCGTEIKNGQALVALDKHWHLGCFKCKSCGKLLNAEYISKDGLPYCEADYHAKFGIRCDSCEKYITGRVLEAGEKHYHPSCALCVRCGQMFAEGEEMYLQGSSIWHPACRQAARTEDRNKETRTSSESIISVPASSTSGSPSRVIYAKLGGEILD	74	309
Creative Diagnostics	DPABH-28907	aa 119-168		RRSEALAGAPLDNAPKEYPPKIQQLVQDIASLTLLEISDLNELLKKTLKI	119	168
Creative Diagnostics	DPABH-20157	aa 12-120		DPGAMEPWALPTWHSWTPGRGGEPSSAAPSIADTPPAALQLQELRSEESSKPKGDGSSRPVGGTDPEGAEACLPSLGQQASSSGPACQRPEDEEVEAFLKAKLNMSFGD	12	120
Creative Diagnostics	DPABH-20877	aa 660-748		RALSSSSQAATHQNLGFRAPVKDDQPRPLVCESPAERPRDSLESFSCPGSMDEVLASLRHGRAPLRKVEVPAVRPPHASINEHILAAIR	660	748
Creative Diagnostics	DPABH-21858	aa 131-161		CEYQEYGEKPYTHTQCGTAFSYQPCFQIHER	131	161
Creative Diagnostics	DPABH-23074	aa 364-586		LILDSNPLACDCRLLWVFRRRWRLNFNRQQPTCATPEFVQGKEFKDFPDVLLPNYFTCRRARIRDRKAQQVFVDEGHTVQFVCRADGDPPPAILWLSPRKHLVSAKSNGRLTVFPDGTLEVRYAQVQDNGTYLCIAANAGGNDSMPAHLHVRSYSPDWPHQPNKTFAFISNQPGEGEANSTRATVPFPFDIKTLIIATTMGFISFLGVVLFCLVLLFLWSRGK	364	586
Creative Diagnostics	DPABH-17168	aa 267-316		GVFNVQMEPKVVTDTDETELARQMERLERENAEVDGDDDAEEMEAKAED	267	316
Creative Diagnostics	DPABH-10874	aa 62-111		GHAVQTVETMNEGDHRVREKLMHLFTSGDCKAYSPEDLEERKNSLKKWLE	62	111
Creative Diagnostics	DPABH-18755	aa 1-50		CGTPAWPPRPAVTHGRLRSPTRRAYTSLVLVGCTNLCAVLFARCLDDHLV	1	50
Creative Diagnostics	DPABH-20295	aa 977-1065			977	1065
Novus Biologicals	H00001386-M15	ATF2 (NP_001871 241 a.a. - 340 a.a.) full length recombinant protein with GST tag. MW of the GST tag alone is 26 KDa. HVPAAVPLVRPVTMVPSVPGIPGPSSPQPVQSEAKMRLKAALTQQHPPVTNGDTVKGHGSGLVRTQSEESRPQSLQQPATSTTETPASPAHTTPQTQSTS		HVPAAVPLVRPVTMVPSVPGIPGPSSPQPVQSEAKMRLKAALTQQHPPVTNGDTVKGHGSGLVRTQSEESRPQSLQQPATSTTETPASPAHTTPQTQSTS		
Novus Biologicals	H00006850-B01P	SYK (NP_003168.2, 1 a.a. - 635 a.a.) full-length human protein. MASSGMADSANHLPFFFGNITREEAEDYLVQGGMSDGLYLLRQSRNYLGGFALSVAHGRKAHHYTIERELNGTYAIAGGRTHASPADLCHYHSQESDGLVCLLKKPFNRPQGVQPKTGPFEDLKENLIREYVKQTWNLQGQALEQAIISQKPQLEKLIATTAHEKMPWFHGKISREESEQIVLIGSKTNGKFLIRARDNNGSYALCLLHEGKVLHYRIDKDKTGKLSIPEGKKFDTLWQLVEHYSYKADGLLRVLTVPCQKIGTQGNVNFGGRPQLPGSHPATWSAGGIISRIKSYSFPKPGHRKSSPAQGNRQESTVSFNPYEPELAPWAADKGPQREALPMDTEVYESPYADPEEIRPKEVYLDRKLLTLEDKELGSGNFGTVKKGYYQMKKVVKTVAVKILKNEANDPALKDELLAEANVMQQLDNPYIVRMIGICEAESWMLVMEMAELGPLNKYLQQNRHVKDKNIIELVHQVSMGMKYLEESNFVHRDLAARNVLLVTQHYAKISDFGLSKALRADENYYKAQTHGKWPVKWYAPECINYYKFSSKSDVWSFGVLMWEAFSYGQKPYRGMKGSEVTAMLEKGERMGCPAGCPREMYDLMNLCWTYDVENRPGFAAVELRLRNYYYDVVN		MASSGMADSANHLPFFFGNITREEAEDYLVQGGMSDGLYLLRQSRNYLGGFALSVAHGRKAHHYTIERELNGTYAIAGGRTHASPADLCHYHSQESDGLVCLLKKPFNRPQGVQPKTGPFEDLKENLIREYVKQTWNLQGQALEQAIISQKPQLEKLIATTAHEKMPWFHGKISREESEQIVLIGSKTNGKFLIRARDNNGSYALCLLHEGKVLHYRIDKDKTGKLSIPEGKKFDTLWQLVEHYSYKADGLLRVLTVPCQKIGTQGNVNFGGRPQLPGSHPATWSAGGIISRIKSYSFPKPGHRKSSPAQGNRQESTVSFNPYEPELAPWAADKGPQREALPMDTEVYESPYADPEEIRPKEVYLDRKLLTLEDKELGSGNFGTVKKGYYQMKKVVKTVAVKILKNEANDPALKDELLAEANVMQQLDNPYIVRMIGICEAESWMLVMEMAELGPLNKYLQQNRHVKDKNIIELVHQVSMGMKYLEESNFVHRDLAARNVLLVTQHYAKISDFGLSKALRADENYYKAQTHGKWPVKWYAPECINYYKFSSKSDVWSFGVLMWEAFSYGQKPYRGMKGSEVTAMLEKGERMGCPAGCPREMYDLMNLCWTYDVENRPGFAAVELRLRNYYYDVVN		
Novus Biologicals	NBP1-91271AF700	A synthetic peptide made to an internal portion of the human ZNF521 protein (between residues 450-550) [UniProt Q96K83]		YCNKQLFSSLAVLQIHLKTMHLDKPEQAHICQYCLEVLPSLYNLNEHLKQVHEAPDPGLIVSTMPAMVYQCNFCSEVFNDLNTLQEHIRCSHGFANPAAKD	450	550
Novus Biologicals	MAB7940	E. coli-derived recombinant human GFER/ALR Arg82-Asp205 Accession # P55789		PLDSEQLGRSTWAFLHTMAAYYPERPSGTQQQEMRDFIHLFSKFYPCEHCAEDLRERLRTNQPDTSNRNNFSQWLCLLHNEVNRKLGKSEFDCSRVDERWRDGWKDGSCD	82	205
Novus Biologicals	H00000740-B01P	MRPL49 (NP_004918.1, 1 a.a. - 166 a.a.) full-length human protein. MAATMFRATLRGWRTGVQRGCGLRLLSQTQGPPDYPRFVESVDEYQFVERLLPATRIPDPPKHEHYPTPSGWQPPRDPPPNLPYFVRRSRMHNIPVYKDITHGNRQMTVIRKVEGDIWALQKDVEDFLSPLLGKTPVTQVNEVTGTLRIKGYFDQELKAWLLEKGF		MAATMFRATLRGWRTGVQRGCGLRLLSQTQGPPDYPRFVESVDEYQFVERLLPATRIPDPPKHEHYPTPSGWQPPRDPPPNLPYFVRRSRMHNIPVYKDITHGNRQMTVIRKVEGDIWALQKDVEDFLSPLLGKTPVTQVNEVTGTLRIKGYFDQELKAWLLEKGF		
Novus Biologicals	H00011335-M01IR	CBX3 (AAH00954, 1 a.a. ~ 184 a.a) full length recombinant protein with GST tag.MASNKTTLQKMGKKQNGKSKKVEEAEPEEFVVEKVLDRRVVNGKVEYFLKWKGFTDADNTWEPEENLDCPELIEAFLNSQKAGKEKDGTKRKSLSDSESDDSKSKKKRDAADKPRGFARGLDPERIIGATDSSGELMFLMKWKDSDEADLVLAKEANMKCPQIVIAFYEERLTWHSCPEDEAQ		MASNKTTLQKMGKKQNGKSKKVEEAEPEEFVVEKVLDRRVVNGKVEYFLKWKGFTDADNTWEPEENLDCPELIEAFLNSQKAGKEKDGTKRKSLSDSESDDSKSKKKRDAADKPRGFARGLDPERIIGATDSSGELMFLMKWKDSDEADLVLAKEANMKCPQIVIAFYEERLTWHSCPEDEAQ		
Novus Biologicals	NBP1-56342	Synthetic peptides corresponding to TMPRSS3 (transmembrane protease, serine 3) The peptide sequence was selected from the N terminal of TMPRSS3)(50ug).Peptide sequence MGENDPPAVEAPFSFRSLFGLDDLKISPVAPDADAVAAQILSLLPLKFFP.	N Terminus	MGENDPPAVEAPFSFRSLFGLDDLKISPVAPDADAVAAQILSLLPLKFFP		
Novus Biologicals	NBP1-58296	Synthetic peptides corresponding to ACPP(acid phosphatase, prostate) The peptide sequence was selected from the middle region of ACPP.Peptide sequence CESVHNFTLPSWATEDTMTKLRELSELSLLSLYGIHKQKEKSRLQGGVLV.	Middle Region	CESVHNFTLPSWATEDTMTKLRELSELSLLSLYGIHKQKEKSRLQGGVLV		
Novus Biologicals	NBP2-24604	Amino acids DYGAQGDCDPEAPMTEGTR (210-228 of Lefty1 and 244-262 of Lefty2) were used as immunogen.		DYGAQGDCDPEAPMTEGTR	210	228
Novus Biologicals	NBP2-38817	This antibody was developed against a recombinant protein corresponding to amino acids: KSAIVRQFLYNEFSEVCVPTTARRLYLPAVVMNGHVHDLQILDFPPISAFPVN		KSAIVRQFLYNEFSEVCVPTTARRLYLPAVVMNGHVHDLQILDFPPISAFPVN		
Novus Biologicals	NBP1-69102	Synthetic peptides corresponding to NCKIPSD (NCK interacting protein with SH3 domain) The peptide sequence was selected from the middle region of NCKIPSD.Peptide sequence LVSSVLPVELARDMQTDTQDHQKLCYSALILAMVFSMGEAVPYAHYEHLG.	Middle Region	LVSSVLPVELARDMQTDTQDHQKLCYSALILAMVFSMGEAVPYAHYEHLG		
Novus Biologicals	H00008724-M10	SNX3 (AAH16863, 1 a.a. - 113 a.a.) full-length recombinant protein with GST tag. MW of the GST tag alone is 26 KDa. MAETVADTRRLITKPQNLNDAYGPPSNFLEIDVSNPQTVGVGRGRFTTYEIRVKTNLPIFKLKESTVRRRYSDFEWLRSELERESKPCLRMTSEARSHGRTWCAQNDEKLFCD		MAETVADTRRLITKPQNLNDAYGPPSNFLEIDVSNPQTVGVGRGRFTTYEIRVKTNLPIFKLKESTVRRRYSDFEWLRSELERESKPCLRMTSEARSHGRTWCAQNDEKLFCD		
Novus Biologicals	NB110-55376H	A synthetic peptide to a C-terminal region [within residues 350-414] of the human TARDBP protein. [Swiss-Prot# Q13148]	C Terminus	SGNNQPQGNMQREQNQGFSSGNNSYGGSNSGAAIGWGSASNAGSSSGFNGGFGSSMDSKSSGWGM	350	414
Novus Biologicals	MAB1549	Mouse myeloma cell line NS0-derived recombinant human Soggy-1Ala31-Leu242Accession # Q9UK85.1		MGEASPPAPARRHLLVLLLLLSTLVIPSAAAPIHDADAQESSLGLTGLQSLLQGFSRLFLKGNLLRGIDSLFSAPMDFRGLPGNYHKEENQEHQLGNNTLSSHLQIDKMTDNKTGEVLISENVVASIQPAEGSFEGDLKVPRMEEKEALVPIQKATDSFHTELHPRVAFWIIKLPRRRSHQDALEGGHWLSEKRHRLQAIRDGLRKGTHKDVLEEGTESSSHSRLSPRKTHLLYILRPSRQL	1	242
Novus Biologicals	NBP2-34623	Synthetic peptide of 28 amino acid residues corresponding to CFDDTVRGVPWCFYPNTIDVPPEEECEF (aa57-84) from the C-terminus of human pS2.	C Terminus	CFDDTVRGVPWCFYPNTIDVPPEEECEF	57	84
Novus Biologicals	H00008602-B01P	NOP14 (AAH26035.1, 1 a.a. - 806 a.a.) full-length human protein. MAKAKKVGARRKASGAPAGARGGPAKANSNPFEVKVNRQKFQILGRKTRHDVGLPGVSRARALRKRTQTLLKEYKERDKSNVFRDKRFGEYNSNMSPEEKMMKRFALEQQRHHEKKSIYNLNEDEELTHYGQSLADIEKHNDIVDSDSDAEDRGTLSAELTAAHFGGGGGLLHKKTQQEGEEREKPKSRKELIEELIAKSKQEKRERQAQREDALELTEKLDQDWKEIQTLLSHKTPKSENRDKKEKPKPDAYDMMVRELGFEMKAQPSNRMKTEAELAKEEQEHLRKLEAERLRRMLGKDEDENVKKPKHMSADDLNDGFVLDKDDRRLLSYKDGKMNVEEDVQEEQSKEASDPESNEEEGDSSGGEDTEESDSPDSHLDLESNVESEEENEKPAKEQRQTPGKGLISGKERAGKATRDELPYTFAAPESYEELRSLLLGRSMEEQLLVVERIQKCNHPSLAEGNKAKLEKLFGFLLEYVGDLATDDPPDLTVIDKLVVHLYHLCQMFPESASDAIKFVLRDAMHEMEEMIETKGRAALPGLDVLIYLKITGLLFPTSDFWHPVVTPALVCLSQLLTKCPILSLQDVVKGLFVCCLFLEYVALSQRFIPELINFLLGILYIATPNKASQGSTLVHPFRALGKNSELLVVSAREDVATWQQSSLSLRWASRLRAPTSTEANHIRLSCLAVGLALLKRCVLMYGSLPSFHAIMGPLQALLTDHLADCSHPQELQELCQSTLTEMESQKQLCRPLTCEKSKPVPLKLFTPRLVSNSRPQVIHLPWPPNYRCEPQHPAKKVIFFRVIML		MAKAKKVGARRKASGAPAGARGGPAKANSNPFEVKVNRQKFQILGRKTRHDVGLPGVSRARALRKRTQTLLKEYKERDKSNVFRDKRFGEYNSNMSPEEKMMKRFALEQQRHHEKKSIYNLNEDEELTHYGQSLADIEKHNDIVDSDSDAEDRGTLSAELTAAHFGGGGGLLHKKTQQEGEEREKPKSRKELIEELIAKSKQEKRERQAQREDALELTEKLDQDWKEIQTLLSHKTPKSENRDKKEKPKPDAYDMMVRELGFEMKAQPSNRMKTEAELAKEEQEHLRKLEAERLRRMLGKDEDENVKKPKHMSADDLNDGFVLDKDDRRLLSYKDGKMNVEEDVQEEQSKEASDPESNEEEGDSSGGEDTEESDSPDSHLDLESNVESEEENEKPAKEQRQTPGKGLISGKERAGKATRDELPYTFAAPESYEELRSLLLGRSMEEQLLVVERIQKCNHPSLAEGNKAKLEKLFGFLLEYVGDLATDDPPDLTVIDKLVVHLYHLCQMFPESASDAIKFVLRDAMHEMEEMIETKGRAALPGLDVLIYLKITGLLFPTSDFWHPVVTPALVCLSQLLTKCPILSLQDVVKGLFVCCLFLEYVALSQRFIPELINFLLGILYIATPNKASQGSTLVHPFRALGKNSELLVVSAREDVATWQQSSLSLRWASRLRAPTSTEANHIRLSCLAVGLALLKRCVLMYGSLPSFHAIMGPLQALLTDHLADCSHPQELQELCQSTLTEMESQKQLCRPLTCEKSKPVPLKLFTPRLVSNSRPQVIHLPWPPNYRCEPQHPAKKVIFFRVIML		
Novus Biologicals	H00009463-A01	PRKCABP (NP_036539, 266 a.a. ~ 376 a.a) partial recombinant protein with GST tag.KVKEMDDEEYSCIALGEPLYRVSTGNYEYRLILRCRQEARARFSQMRKDVLEKMELLDQKHVQDIVFQLQRLVSTMSKYYNDCYAVLRDADVFPIEVDLAHTTLAYGLNQ		KVKEMDDEEYSCIALGEPLYRVSTGNYEYRLILRCRQEARARFSQMRKDVLEKMELLDQKHVQDIVFQLQRLVSTMSKYYNDCYAVLRDADVFPIEVDLAHTTLAYGLNQ		
Novus Biologicals	H00005716-M01V2	PSMD10 (AAH11960 127 a.a. - 226 a.a.) partial recombinant protein with GST tag. MW of the GST tag alone is 26 KDa. EGGANPDAKDHYEATAMHRAAAKGNLKMIHILLYYKASTNIQDTEGNTPLHLACDEERVEEAKLLVSQGASIYIENKEEKTPLQVAKGGLGLILKRMVEG		EGGANPDAKDHYEATAMHRAAAKGNLKMIHILLYYKASTNIQDTEGNTPLHLACDEERVEEAKLLVSQGASIYIENKEEKTPLQVAKGGLGLILKRMVEG		
Novus Biologicals	NB100-527V	A synthetic peptide made to an internal region of the mouse VEGF Receptor 1 protein (between residues 800-900) [UniProt# P35969]. There is 87% identity between the immunogen used for this production and the VEGF Receptor 2 protein.	Internal Region	EQCECLPYDASKWEIARERLKLGKSLGHGAFGKVVQASAFGIKKSPTCRIVAVKMLKEGATASEYKALMTELKILIHIGHHLNIVNLLGACTKNGGPLMVI	800	900
Novus Biologicals	MAB81751	HEK293 human embryonic kidney&nbsp;cell line transfected with human Melanotransferrin/CD228 Gly20-Gly711Accession # P08582		GMEVRWCATSDPEQHKCGNMSEAFREAGIQPSLLCVRGTSADHCVQLIAAQEADAITLDGGAIYEAGKEHGLKPVVGEVYDQEVGTSYYAVAVVRRSSHVTIDTLKGVKSCHTGINRTVGWNVPVGYLVESGRLSVMGCDVLKAVSDYFGGSCVPGAGETSYSESLCRLCRGDSSGEGVCDKSPLERYYDYSGAFRCLAEGAGDVAFVKHSTVLENTDGKTLPSWGQALLSQDFELLCRDGSRADVTEWRQCHLARVPAHAVVVRADTDGGLIFRLLNEGQRLFSHEGSSFQMFSSEAYGQKDLLFKDSTSELVPIATQTYEAWLGHEYLHAMKGLLCDPNRLPPYLRWCVLSTPEIQKCGDMAVAFRRQRLKPEIQCVSAKSPQHCMERIQAEQVDAVTLSGEDIYTAGKTYGLVPAAGEHYAPEDSSNSYYVVAVVRRDSSHAFTLDELRGKRSCHAGFGSPAGWDVPVGALIQRGFIRPKDCDVLTAVSEFFNASCVPVNNPKNYPSSLCALCVGDEQGRNKCVGNSQERYYGYRGAFRCLVENAGDVAFVRHTTVFDNTNGHNSEPWAAELRSEDYELLCPNGARAEVSQFAACNLAQIPPHAVMVRPDTNIFTVYGLLDKAQDLFGDDHNKNGFKMFDSSNYHGQDLLFKDATVRAVPVGEKTTYRGWLGLDYVAALEGMSSQQCSG	20	711
Novus Biologicals	AF2537	Mouse myeloma cell line NS0-derived recombinant human Myocilin Arg33-Met504 Accession # Q99972		RTAQLRKANDQSGRCQYTFSVASPNESSCPEQSQAMSVIHNLQRDSSTQRLDLEATKARLSSLESLLHQLTLDQAARPQETQEGLQRELGTLRRERDQLETQTRELETAYSNLLRDKSVLEEEKKRLRQENENLARRLESSSQEVARLRRGQCPQTRDTARAVPPGSREVSTWNLDTLAFQELKSELTEVPASRILKESPSGYLRSGEGDTGCGELVWVGEPLTLRTAETITGKYGVWMRDPKPTYPYTQETTWRIDTVGTDVRQVFEYDLISQFMQGYPSKVHILPRPLESTGAVVYSGSLYFQGAESRTVIRYELNTETVKAEKEIPGAGYHGQFPYSWGGYTDIDLAVDEAGLWVIYSTDEAKGAIVLSKLNPENLELEQTWETNIRKQSVANAFIICGTLYTVSSYTSADATVNFAYDTGTGISKTLTIPFKNRYKYSSMIDYNPLEKKLFAWDNLNMVTYDIKLSKM	33	504
Novus Biologicals	H00169841-A01	ZNF169 (NP_919301, 136 a.a. ~ 233 a.a) partial recombinant protein with GST tag.PDSSLRKRPSRISRTFFSPHQGDPVEWVEGNREGGTDLRLAQRMSLGGSDTMLKGADTSESGAVIRGNYRLGLSKKSSLFSHQKHHVCPECGRGFCQ		PDSSLRKRPSRISRTFFSPHQGDPVEWVEGNREGGTDLRLAQRMSLGGSDTMLKGADTSESGAVIRGNYRLGLSKKSSLFSHQKHHVCPECGRGFCQ		
Novus Biologicals	H00146225-B01P	CMTM2 (NP_653274.1, 1 a.a. ~ 248 a.a) full-length human protein.MAPKAAKGAKPEPAPAPPPPGAKPEEDKKDGKEPSDKPQKAVQDHKEPSDKPQKAVQPKHEVGTRRGCRRYRWELKDSNKEFWLLGHAEIKIRSLGCLIAAMILLSSLTVHPILRLIITMEISFFSFFILLYSFAIHRYIPFILWPISDLFNDLIACAFLVGAVVFAVRSRRSMNLHYLLAVILIGAAGVFAFIDVCLQRNHFRGKKAKKHMLVPPPGKEKGPQQGKGPEPAKPPEPGKPPGPAKGKK		MAPKAAKGAKPEPAPAPPPPGAKPEEDKKDGKEPSDKPQKAVQDHKEPSDKPQKAVQPKHEVGTRRGCRRYRWELKDSNKEFWLLGHAEIKIRSLGCLIAAMILLSSLTVHPILRLIITMEISFFSFFILLYSFAIHRYIPFILWPISDLFNDLIACAFLVGAVVFAVRSRRSMNLHYLLAVILIGAAGVFAFIDVCLQRNHFRGKKAKKHMLVPPPGKEKGPQQGKGPEPAKPPEPGKPPGPAKGKK		
Novus Biologicals	NBP1-59368	Synthetic peptides corresponding to PSEN1(presenilin 1) The peptide sequence was selected from the N terminal of PSEN1.Peptide sequence TRKDGQLIYTPFTEDTETVGQRALHSILNAAIMISVIVVMTILLVVLYKY.	N Terminus	TRKDGQLIYTPFTEDTETVGQRALHSILNAAIMISVIVVMTILLVVLYKY		
Novus Biologicals	H00085397-B01	RGS8 (1 a.a. ~ 198 a.a) full-length human protein.MWNTLTRSLSDHPVGKDPQAMRTGQRQNKGMRTRLGCLSHKSDSCSDFTAILPDKPNRALKRLSTEEATRWADSFDVLLSHKYGVAAFRAFLKTEFSEENLEFWLACEEFKKTRSTAKLVSKAHRIFEEFVDVQAPREVNIDFQTREATRKNLQEPSLTCFDQAQGKVHSLMEKDSYPRFLRSKMYLDLLSQSQRRLS		MWNTLTRSLSDHPVGKDPQAMRTGQRQNKGMRTRLGCLSHKSDSCSDFTAILPDKPNRALKRLSTEEATRWADSFDVLLSHKYGVAAFRAFLKTEFSEENLEFWLACEEFKKTRSTAKLVSKAHRIFEEFVDVQAPREVNIDFQTREATRKNLQEPSLTCFDQAQGKVHSLMEKDSYPRFLRSKMYLDLLSQSQRRLS		
Novus Biologicals	NBP1-51961	Peptide with sequence C-KRGNKDLRARADA corresponding to internal region according to NP_003387.1.	Internal Region	KRGNKDLRARADA		
Novus Biologicals	NBP2-22383	Amino acids 119-231 of human TSLPR protein were used as the immunogen for the antibody.		PSSPKHVRFSWHQDAVTVTCSDLSYGDLLYEVQYRSPFDTEWQSKQENTCNVTIEGLDAEKCYSFWVRVKAMEDVYGPDTYPSDWSEVTCWQRGEIRDACAETPTPPKPKLSK	119	231
Novus Biologicals	AF2587	Mouse myeloma cell line NS0-derived recombinant human SLITRK5Glu39-Val665Accession # O94991		CSTVTLEQDLNKKMHIWMLQTIAFALTSLVLSWAESIEYYGEICDNACPCEEKDGILTVSCENRGIISLFEISPPRFPVYHLLLSGNLLNRLYPNQFVNYTGASILHLGSNDIQDIETGAFHGLRGLRRLHLNNNKLELLRDDTFLGLESLEYLQVDYNYISIIEPNAFSKLHLLQVLILNDNLLSSLPNNLFRFVPLTHLDLRGNRLKLLPYVGLLQHMDKVVELQLEENPWNCSCELIALKDWLDSISYSALVGDVVCETPFRLHGRDLDEVSKQELCPRRLISDYEMRPQTPLSTTGYFHTTPASVNSVATSSSAVYKSPLKPPKGTRQPSKTRVRPTSRLPSKDLGYSNYGPSIAYQTKSPVPLECPTACTCNLQISDLGLNVNCQERKIESISELQPKPYNPKKMYLTENYIALVRRADFVDATGLDLLHLGNNRISVIQDRAFGDLTNLRRLYLNGNRIERLSPELFYGLQSLQYLFLQYNVIREIEAGTFEPVPNLQLLFLNNNLLRSLPGNIFSGLSLYRLSLRSNHFSYLPVSGVLDQLKSLLQIDLHENPWDCTCDVVGMKLWLEQLNTGVLVDQVICESPKKFSQSDMRAVRAELLCPDYSDIVVSTPTPSPGQLPARTTPSSSTVRLNGTAAAAGGAAAGGGSGSSVPL	5	665
Novus Biologicals	NBP1-82414	Synthetic peptide towards ARPP-21. Peptide sequence SAPENGILKSESLDEEEKLELQRRLAAQNQERRKSKSGAGKGKLTRSLAV.		SAPENGILKSESLDEEEKLELQRRLAAQNQERRKSKSGAGKGKLTRSLAV		
Novus Biologicals	BAF378	S. frugiperda insect ovarian cell line Sf 21-derived recombinant human NRG1 Isoform SMDFMet1-Glu296Accession # NP_039253		MWATSEGPLQYSLAPTQTDVNSSYNTVPPKLKEMKNQEVAVGQKLVLRCETTSEYPALRFKWLKNGKEITKKNRPENVKIPKKQKKYSELHIYRATLADAGEYACRVSSKLGNDSTKASVIITDTNATSTSTTGTSHLTKCDIKQKAFCVNGGECYMVKDLPNPPRYLCRCPNEFTGDRCQNYVMASFYKHLGIEFMEAEELYQKRVLTITGICIALLVVGIMCVVAYCKTKKQRKKLHDRLRQSLRSERNNVMNMANGPHHPNPPPDNVQLVNQYVSKNIISSERVVERETETSF	1	296
Novus Biologicals	NBP2-30786	This antibody was developed against a recombinant protein corresponding to amino acids: MNHVVKHNHTAVTKVTEFIL		MNHVVKHNHTAVTKVTEFIL		
Novus Biologicals	NBP1-49429IR	Recombinant human KCTD15 (1-234aa) purified from E. coli.		METKEGRSMSRLSLTRSPVSPLAAQGIPLPAQLTKSNAPVHIDVGGHMYTSSLATLTKYPDSRISRLFNGTEPIVLDSLKQHYFIDRDGEIFRYILSFLRTSKLLLPEDFKDFNLLYEEAKYYQLQPMIKELERWKQEKEQRKHFQPCDCLVVRVTPDLGERIALSGEKALIEEIFPETGDVMCNSVNAGWNQDPTHVIRFPLNGYCRLNSVQVLERLFQKGFNMAASCGGGVD	1	234
Novus Biologicals	NBP1-94183	This antibody was developed against Recombinant Protein corresponding to amino acids:KLEPGMTYTKLIDADVNVGNITSVQFIWKKHLFEDSQNKLGAEMVINTSGKYGYKSTFCSQDIMGPNILQNLKPC		KLEPGMTYTKLIDADVNVGNITSVQFIWKKHLFEDSQNKLGAEMVINTSGKYGYKSTFCSQDIMGPNILQNLKPC		
R&D Systems	AF1024-SP	E. coli-derived recombinant cotton rat CCL4/MIP-1 beta  Ala24-Asn92 Accession # AAL16933		VGSDPPTSCCFTYISRQLPFSFVADYYETNSQCPHAGVVFITRKGREVCANPENDWVQDYMNKLELN	24	92
R&D Systems	MAB685-500	Mouse myeloma cell line NS0-derived recombinant human FGF R4 Met1-Asp369 Accession # P22455		MLPLRLVLAGLLVAAGSAASHRGEMEPELFESPLLESEEEHLLLDPGNALKLYCDVNQSGASVVWYKESRPLLPGPRVRLQQSVLEIAEVAYEDSGLYVCRARGTGEVLRNFTISVVDSLASGDDDEDSDGDGPHGDRSEEPVYVHRAPYWTHPHRMDKKLYAVPAGNTVKFRCPASGSPSPSIRWFKNGREFRGEHRIGGIRLRHQHWSLVMESVVPSDRGNYTCLVENRFGSIRYSYLLDVLERSPHRPILQAGLPANTTALVGSDVEFFCKVYSDAQPHIQWLKHIEVNGSSYGPDGVPYVQVLKTADINSSEVEVLYLRNVTMEDAGEYTCLAGNSIGLSYQSAWLTVLPEEELVHEAEAPEAKY	1	369
R&D Systems	MAB2339-500	Mouse myeloma cell line NS0-derived recombinant human Coagulation Factor III Gly34-Glu251 Accession # P13726		ITWSSINFKTILKWQPKPSGYFYTVEIHGQMSDTKKKCVMTTETECDVTDALRNVKETYTAHVLSVKSLVEDNFEEPLFASSEKFTPYNQTIIGKPEIQHHTQKDSKLTVVFRDPLTPYMFPNGSFQSVRDIFKHDLEYKLYYWKDQSSGKKDATTKSHTFDISVDNKNNYCFYVQGIIPSRRENRNGQESTVLCTTVGRTILDEYGAEVFIIIAVVA	34	251
R&D Systems	BAF2364	Mouse myeloma cell line NS0-derived recombinant human Endorepellin/Perlecan Arg3684-Ser4391 (Ser4003Thr) Accession # P98160			3684	4391
R&D Systems	AF6968	Chinese hamster ovary cell line CHO-derived recombinant mouse CD79A Leu29-Arg137 Accession # P11911		VLMRLFHDHPETLDRFDKFKGLKTPDQMKGSEDLKKHGATVLTQLGKILKQKGNHESELKPLAQTHATKHKIPVKYLEFISEVIIKVIAEKHAADFGADSQAAMKKALE	29	137
Santa Cruz Biotechnology	sc-28377	1-120(h)		MADEGKSYSEHDDERVNFPQRKKKGRGPFRWKYGEGNRRSGRGGSGIRSSRLEEDDGDVAMSDAQDGPRVRYNPYTTRPNRRGDTWHDRDRIHVTVRRDRAPPERGGAGTSQDGTSKNWF	1	120
Santa Cruz Biotechnology	sc-133225	371-443(h)		NISLGLQATVTVTNSHLTASPKLSTQQEAERQALQSLRQGGTLTGKFMSTSSIPGCLLGVALEGDGSPHGHAS	371	443
Santa Cruz Biotechnology	sc-32770	1156-1286(r)		REMEAPKSPGTTRKDNIGRSQPSPQAGLAGPGPAGYSTARPTIPPRAGVISAPQSHARASAGRLTPESQSKTSETSKGSTFLPEPLKPQAAFPPQSSLPPPAQRLQEPLVPVAAPMPQSGPQPNLETPPQP	1156	1286
Santa Cruz Biotechnology	sc-376568	23-322(h)		QLAIPASVPRGFWALPENLTVVEGASVELRCGVSTPGSAVQWAKDGLLLGPDPRIPGFPRYRLEGDPARGEFHLHIEACDLSDDAEYECQVGRSEMGPELVSPRVILSILVPPKLLLLTPEAGTMVTWVAGQEYVVNCVSGDAKPAPDITILLSGQTISDISANVNEGSQQKLFTVEATARVTPRSSDNRQLLVCEASSPALEAPIKASFTVNVLFPPGPPVIEWPGLDEGHVRAGQSLELPCVARGGNPLATLQWLKNGQPVSTAWGTEHTQAVARSVLVMTVRPEDHGAQLSCEAHNS	23	322
Sigma-Aldrich	SAB1405844	GALNT3 (AAH56246.1, 1 a.a. ~ 141 a.a) full-length human protein. MERNMKNKNKMLDLMLEAVNNIKDA:MPKMQIGAPVRQNIDAGERPCLQGY:YTAAELKPVLDRPPQDSNAPGASGK:AFKTTNLSVEEQKEKERGEAKHCFN:AFASDRISLHRDLGPDTRPPEYVEE:YLLFILYHQALQGREG		MERNMKNKNKMLDLMLEAVNNIKDA		
Sigma-Aldrich	SAB1405409	NOTCH2NL (AAH19835, 1 a.a. ~ 237 a.a) full-length recombinant protein with GST tag. MW of the GST tag alone is 26 KDa. MCVTYHNGTGYCKCPEGFLGEYCQH:RDPCEKNRCQNGGTCVAQAMLGKAT:CRCASGFTGEDCQYSTSHPCFVSRP:CLNGGTCHMLSRDTYECTCQVGFTG:KECQWTDACLSHPCANGSTCTTVAN:QFSCKCLTGFTGQKCETDVNECDIP:GHCQHGGICLNLPGSYQCQCLQGFT:GQYCDSLYVPCAPSPCVNGGTCRQT:GDFTFECNCLPETVRRGTELWERDR:EVWNGKEHDEN*		MCVTYHNGTGYCKCPEGFLGEYCQH		
Sigma-Aldrich	HPA018024	LysM and putative peptidoglycan-binding domain-containing protein 3 recombinant protein epitope signature tag (PrEST) FSSLTETLCPPKGRQTSRHSSVQYS:SEQQEILPANDSLAYSDSAGSFLKE:VDRDIEQIVKCTDNKRENLNEVVSA:LTAQQMRFEPDNKNTQRKDPYYGAD:W		FSSLTETLCPPKGRQTSRHSSVQYS		
Sigma-Aldrich	SAB2501383	Peptide with sequence KPEEEVDALLGKNK, from the C-terminal region of the protein sequence according to NP_796376.2	C Terminus	KPEEEVDALLGKNK		
Sigma-Aldrich	HPA059577	tetratricopeptide repeat domain 7B HYHDALNIIDMALSEYPENFILLFS:KVKLQSLCRGPDEALLTCKHMLQIW:KSCYNLTNPSDSGRGSSLLDRTIAD:RRQLNTITLPDFSD		HYHDALNIIDMALSEYPENFILLFS		
Sigma-Aldrich	HPA039779	mitochondrial ribosomal protein L57 RFVSLRAKQNMIRRLEIEAENHYWL:SMPYMTREQERGHAAVRRREAFEAI:KA		RFVSLRAKQNMIRRLEIEAENHYWL		
Sigma-Aldrich	AMAB90862	cadherin 1, type 1, E-cadherin (epithelial) ATDNGSPVATGTGTLLLILSDVNDN:APIPEPRTIFFCERNPKPQVINIID:ADLPPNTSPFTAELTHGASANWTIQ:YNDPTQESIILKPKMALEVGDYKIN:LKLMDNQNKDQVTTLEVSVCDCEGA:		ATDNGSPVATGTGTLLLILSDVNDN		
Sigma-Aldrich	HPA058064	family with sequence similarity 219, member B AKLQKHRDLAKAVLRRKGMLGASPN:RPDSSGKRSVKFNKGYTALSQSPDE:NLVSLDSD		AKLQKHRDLAKAVLRRKGMLGASPN		
Sigma-Aldrich	WH0064324M5	NSD1 (NP_071900, a.a. 2-110) partial recombinant protein with GST tag. MW of the GST tag alone is 26 kDa. DQTCELPRRNCLLPFSNPVNLDAPE:DKDSPFGNGQSNFSEPLNGCTMQLS:TVSGTSQNAYGQDSPSCYIPLRRLQ:DLASMINVEYLNGSADGSESFQDPE:KSDSRAQT* (without GST)		DQTCELPRRNCLLPFSNPVNLDAPE	2	110
Sigma-Aldrich	APREST76722	RNCWICKMCRDESKRPPSNLTLEEV:LQWAQSFENLMATKYGPVVYAAYLK:MEHSDENIQFWMACET		RNCWICKMCRDESKRPPSNLTLEEV		
Sigma-Aldrich	SAB1403195	RTDR1 (NP_055248, 249 a.a. ~ 349 a.a) partial recombinant protein with GST tag. MW of the GST tag alone is 26 KDa. SNAAGALMFATVITEGKYAALEAQA:IGLLLELLHSPMTIARLNATKALTM:LAEAPEGRKALQTHVPTFRAMEVET:YEKPQVAEALQRAARIAISVIEFKP:*		SNAAGALMFATVITEGKYAALEAQA		
Sigma-Aldrich	SAB1406044	IRF6 (AAH14852.1, 1 a.a. ~ 468 a.a) full-length human protein. MALHPRRVRLKPWLVAQVDSGLYPG:LIWLHRDSKRFQIPWKHATRHSPQQ:EEENAIFKAWAVETGKYQEGVDDPD:PAKWKAQLRCALNKSREFNLMYDGT:KEVPMNPVKIYQVCDIPQPQGSIIN:PGSTGSAPWDEKDNDVDEEDEEDEL:DQSQHHVPIQDTFPFLNINGSPMAP:ASVGNCSVGNCSPEAVWPKTEPLEM:EVPQAPIQPFYSSPELWISSLPMTD:LDIKFQYRGKEYGQTMTVSNPQGCR:LFYGDLGPMPDQEELFGPVSLEQVK:FPGPEHITNEKQKLFTSKLLDVMDR:GLILEVSGHAIYAIRLCQCKVYWSG:PCAPSLVAPNLIERQKKVKLFCLET:FLSDLIAHQKGQIEKQPPFEIYLCF:GEEWPDGKPLERKLILVQVIPVVAR:MIYEMFSGDFTRSFDSGSVRLQIST:PDIKDNIVAQLKQLYRILQTQESWQ:PMQPTPSMQLPPALPPQ*		MALHPRRVRLKPWLVAQVDSGLYPG		
Sigma-Aldrich	SAB1411918	INDO (NP_002155, 304 a.a. ~ 403 a.a) full-length recombinant protein with GST tag. MW of the GST tag alone is 26 KDa. RNFLCSLESNPSVREFVLSKGDAGL:REAYDACVKALVSLRSYHLQIVTKY:ILIPASQQPKENKTSEDPSKLEAKG:TGGTDLMNFLKTVRSTTEKSLLKEG:		RNFLCSLESNPSVREFVLSKGDAGL		
Sigma-Aldrich	SAB1407522	RP6-213H19.1 (NP_057626.2, 1 a.a. ~ 416 a.a) full-length human protein. MAHSPVAVQVPGMQNNIADPEELFT:KLERIGKGSFGEVFKGIDNRTQQVV:AIKIIDLEEAEDEIEDIQQEITVLS:QCDSSYVTKYYGSYLKGSKLWIIME:YLGGGSALDLLRAGPFDEFQIATML:KEILKGLDYLHSEKKIHRDIKAANV:LLSEQGDVKLADFGVAGQLTDTQIK:RNTFVGTPFWMAPEVIQQSAYDSKA:DIWSLGITAIELAKGEPPNSDMHPM:RVLFLIPKNNPPTLVGDFTKSFKEF:IDACLNKDPSFRPTAKELLKHKFIV:KNSKKTSYLTELIDRFKRWKAEGHS:DDESDSEGSDSESTSRENNTHPEWS:FTTVRKKPDPKKVQNGAEQDLVQTL:SCLSMIITPAFAELKQQDENNASRN:QAIEELEKSIAVAEAACPGITDKMV:KKLIEKFQKCSADESP		MAHSPVAVQVPGMQNNIADPEELFT	6	213
Sigma-Aldrich	WH0005100M1	PCDH8 (NP_002581, a.a. 32-121) partial recombinant protein with GST tag. MW of the GST tag alone is 26 kDa. VRYSTFEEDAPGTVIGTLAEDLHMK:VSGDTSFRLMKQFNSSLLRVREGDG:QLTVGDAGLDRERLCGQAPQCVLAF:DVVSFSQEQFRLVH* (without GST)		VRYSTFEEDAPGTVIGTLAEDLHMK	32	121
Sigma-Aldrich	SAB1412436	FLI1 (AAH01670, 1 a.a. ~ 452 a.a) full-length recombinant protein with GST tag. MW of the GST tag alone is 26 KDa. MDGTIKEALSVVSDGQSLFDSAYGA:AAHLPKADMAASGSPDYGQPHKINP:LPPQQEWISQPVRVNVKREYDHMNG:SRESPVDCSVSKCSKLVGGGESNPM:NYNSYMDEKNGPPPPNMTTNERRVI:VPADPTLWTQEHVRQWLEWAIKEYS:LMEIDTSFFQNMDGKELCKMNKEDF:LRATTLYNTEVLLSHLSYLRESSLL:AYNTTSHTDQSSRLSVKEDPSYDSV:RRGAWGNNMNSGLNKSPPLGGAQTI:SKNTEQRPQPDPYQILGPTSSRLAN:PGSGQIQLWQFLLELLSDSANASCI:TWEGTNGEFKMTDPDEVARRWGERI:SKPNMNYDKLSRALRYYYDKNIMTK:VHGKRYAYKFDFHGIAQALQPHPTE:SSMYKYPSDISYMPSYHAHQQKVNF:VPPHPSSMPVTSSSFFGAASQYWTS:PTGGIYPNPNVPRHPNTHVPSHLGS:YY		MDGTIKEALSVVSDGQSLFDSAYGA		
Sigma-Aldrich	APREST77215	YASQDMEDNVEEIGALQKNPSLGVS:NTFTEVLDSALPEESQLSYFNSDEM:PAKHTQKSDTEISLE		YASQDMEDNVEEIGALQKNPSLGVS		
St John's Labs	STJ91505	1-80aa		MVLESTMVCVDNSEYMRNGDFLPTRLQAQQDAVNIVCHSKTRSNPENNVGLITLANDCEVLTTLTPDTGRILSKLHTVQP	1	80
St John's Labs	STJ97618	190-270aa			190	270
Thermo Fisher Scientific	PA5-23166	Synthetic peptide (1 PSDRPFKQRRSFAD 15) of Microtubule-associated proteins 1A/1B light chain 3A precursor (MAP1 LC3A) protein.		PSDRPFKQRRSFAD		
Thermo Fisher Scientific	PA5-25007	KLH conjugated synthetic peptide between 281-309 amino acids from the C-terminal region of human UBXN6	C Terminus	PLASQFELPGDFFNLTAEEIKREQRLRSE	281	309
Thermo Fisher Scientific	PA5-47347	E. coli-derived recombinant mouse Stella/Dppa3 Met1-Asn150		MEEPSEKVDPMKDPETPQKKDEEDALDDTDVLQPETLVKVMKKLTLNPGVKRSARRRSLRNRIAAVPVENKSEKIRREVQSAFPKRRVRTLLSVLKDPIAKMRRLVRIEQRQKRLEGNEFERDSEPFRCLCTFCHYQRWDPSENAKIGKN	1	150
